,2010_122,2010_60,2010_80,2010_70,2010_11,2010_30,2010_200,2010_160,2010_150,2010_130,2010_20,2010_62,2010_153,2010_12,2010_10,2010_152,2010_170,2010_50,2010_120,2010_220,2010_71,2010_151,2010_61,2010_40,2010_110,2010_210,2010_202,2010_140
0,4260.172036345294,64179763.47522053,25312.8853123044,0.0,1303572.6945201447,27122031.02610874,40380.71831629491,33741.587556941166,24834.288366540703,1914933.991262929,24378.451721378402,310726684.26325196,0.0,0.0,576564.0986249258,0.0,11519707.132892208,15541774.047515694,15940924.958085071,0.0,0.0,0.0,2333289.6005952163,3291442.954790807,1188649.5770583127,0.0,0.0,0.0
1,0.0,0.0,0.0,0.0,0.0,0.0,0.0,0.0,0.0,0.0,0.0,0.0,0.0,0.0,20279.122362412592,0.0,0.0,0.0,0.0,0.0,0.0,0.0,0.0,0.0,0.0,0.0,0.0,0.0
2,8933297.351170573,276747986.5074664,0.0,0.0,47645244.22729304,22489765.177267876,25766.7085188778,53760.048163233885,2086.7063531977356,2803168.133186492,539808.8827581283,236395520.80817038,0.0,706644.6111221495,8256677.857822483,0.0,57751.62745005023,8641824.499583116,15383793.201338839,0.0,0.0,0.0,6225716.9069344485,31098143.74127805,1268789.2252155943,0.0,0.0,0.0
3,52250.87953664858,19849788.230710927,0.0,1139.2934163658765,11584025.59444952,415819.8590596093,18.98395218963397,77444.56965700228,170.89687119420935,44429.60825451185,24868.982886194997,2774780.987741701,0.0,74690.53085883254,5573374.0656769285,0.0,34740.971581597674,5969023.142660242,12818654.64301162,0.0,0.0,0.0,2961129.2749675508,416312.4503873241,22779.038004204172,0.0,0.0,0.0
4,0.0,2678.779376305556,0.0,0.0,0.0,3347.959873318143,184902.50653881376,5358.220271368056,71317.79803095656,467989.5054732644,186.08318723234953,0.0,28363.159594957175,0.0,1027.2315075620297,49128.30675687642,0.0,0.0,7462810.509457737,0.0,0.0,0.0,0.0,22772.324062497395,15445.038134873696,0.0,4838.099425553385,0.0
5,7771112.013877808,277768228.10348666,0.0,0.0,5561121.382135848,20274333.448353313,0.0,8546.587980842978,0.0,4191416.0059704757,134161.1562054842,493655083.2711762,0.0,93.68409852105034,5887274.577002057,0.0,0.0,87481.46880450525,68661938.9892651,0.0,0.0,0.0,1932225.5006767886,39602514.42492162,1052222.9899083262,0.0,0.0,0.0
6,1235768.4918174567,64388490.90712539,0.0,0.0,30758228.20620453,163106753.19896454,2430546.8215425406,8951471.790190795,898796.5970951498,68635808.56919679,3098246.1449258584,230577059.52941427,11343.153502540934,349877.03010316537,70727756.9676801,178847.93422822372,2593141.8750786567,124197252.88801184,1529028431.3498614,0.0,0.0,0.0,2168697.965844656,117130268.0478466,391102942.0968689,0.0,3885.9454963012427,0.0
7,1685.8686716818095,284230084.2511332,0.0,0.0,2432503.0624999697,8420147.755069293,26031.45840127012,0.0,27503.29924783507,54516.19831714863,0.0,0.0,0.0,0.0,1565231.8911051168,0.0,13030344.111680895,591376720.8542829,102441.26527723683,0.0,0.0,0.0,0.0,139894672.99299777,163471542.48041543,0.0,0.0,0.0
8,105172.28927251097,124749.10285820925,0.0,0.0,53220.66004906416,1545338.5236104722,4297.936171055513,762763.1481525729,7004.2540975194115,7095651.400499395,60961.78603515524,3800723.9034145973,0.0,0.0,950355.6179947393,0.0,0.0,483907.22776339785,159721471.94182244,0.0,0.0,0.0,0.0,1783767.865162309,9594531.282387942,0.0,0.0,0.0
9,0.0,0.0,0.0,0.0,0.0,0.0,0.0,0.0,0.0,0.0,0.0,0.0,0.0,0.0,6127.140556404473,0.0,0.0,0.0,0.0,0.0,0.0,0.0,0.0,0.0,0.0,0.0,0.0,0.0
10,0.0,0.0,0.0,0.0,0.0,0.0,0.0,0.0,0.0,0.0,0.0,0.0,0.0,0.0,0.0,0.0,0.0,0.0,0.0,0.0,0.0,0.0,0.0,0.0,0.0,0.0,0.0,0.0
11,7751.131318407383,25698420.909941923,51004.56370892332,0.0,2822239.216177233,14803222.697966566,13173.411803189067,1820074.1566308655,7126.199713739005,513824.0860766754,379865.7517521444,83750777.4126395,0.0,929180.2874397304,150893.25158187898,0.0,9461229.141930545,4659870.485954976,18435707.397781793,0.0,0.0,0.0,2840978.8881374467,21402156.55208725,220271.7558245302,0.0,0.0,0.0
12,6652299.4509760775,12120415.279277546,0.0,26876.63035379054,10706275.210064467,343472299.5172559,37.98229720339326,4173796.050727547,113.94793909598795,11210120.611126725,2001368.8578773716,996841088.3423985,0.0,9781.813030671983,75917223.12303367,0.0,1415106.8462518505,272760349.387182,192289026.6982342,0.0,0.0,0.0,2316043.665855539,97559887.23803096,4116461.799210224,0.0,0.0,0.0
13,18443126.80919298,466925654.2506306,0.0,0.0,52812654.01604326,55800055.692611955,186189.23382102698,1277.6207619270833,87267.26442532026,10547658.148399943,4425146.257826342,976392524.4974512,0.0,14723.779583473672,79552316.97268866,0.0,206928.7352646768,9373057.778123919,975824937.068869,0.0,0.0,0.0,5368704.230451227,7190250.6320633385,14364083.05381616,0.0,0.0,0.0
14,0.0,10010849.258654429,0.0,0.0,16583.29965934375,828650.8872671518,22935.52186455004,0.0,188277.27493146487,15094225.114242347,1369071.5038210885,159100260.99172765,29420.76601915473,0.0,732254.7849994154,107576.37143991886,138922.20669792496,0.0,1186134211.4000401,0.0,0.0,0.0,0.0,2898970.3365016407,4024703.818453873,0.0,0.0,0.0
15,523392.78113348933,0.0,0.0,3415251.794256076,299033.4186660878,21046630.347090516,8456429.61863429,0.0,2976869.2745061163,14483729.944073997,982413.3327272718,1857764.193109234,2999.555102859567,0.0,10863941.81108818,5524.747368431882,473380.3439970475,132898.80989585497,111300729.69740474,0.0,0.0,0.0,0.0,42833247.888609044,30366577.023397133,0.0,1610.395508908059,0.0
16,0.0,0.0,0.0,0.0,0.0,6026.7764314270835,3602291.3275601137,0.0,188823.88130000327,489648.12543228123,14145.160975358316,6709.032929001736,3871.495222721789,0.0,559.4139027605976,0.0,93620.39056998439,0.0,2049635.2899770634,0.0,0.0,0.0,0.0,226307.8879812483,482241.2064915464,0.0,74.44238868649933,0.0
17,1711.8138897134934,2342892.3641962875,0.0,0.0,98632.70697754192,1416.0569041620372,0.0,0.0,0.0,9980.828956970874,0.0,0.0,0.0,0.0,2234.482955913508,0.0,48024.024142269394,24582237.60120788,162631.7292986759,0.0,0.0,0.0,0.0,792081.1165262024,26873.292217658567,0.0,0.0,0.0
18,0.0,0.0,0.0,0.0,0.0,0.0,0.0,0.0,0.0,0.0,0.0,0.0,0.0,0.0,15651.19262794096,0.0,0.0,0.0,0.0,0.0,0.0,0.0,0.0,0.0,0.0,0.0,0.0,0.0
19,118337.73443498452,13564315.374525292,0.0,0.0,12483587.823572649,526534.7810303366,0.0,81460.7753516341,0.0,4364448.780033872,948.5397808815737,4398844.217734542,0.0,1003575.5478635743,1681798.758165977,0.0,43384.700356741785,2186970.5752926194,17391346.340519916,0.0,0.0,0.0,1275987.8414874459,742314.6157035596,32417.369257529303,0.0,0.0,0.0
20,2621.1257615302507,2400076.9420366855,0.0,0.0,3044622.3855535802,100223514.36743584,0.0,11747121.687671814,0.0,6015918.686327773,0.0,237555234.85022756,0.0,0.0,3285020.4540997716,0.0,56205116.33874611,8950247667.669493,47358508.72068522,0.0,0.0,0.0,0.0,36735542.87916776,18684088.744543,0.0,0.0,0.0
21,0.0,40717.5825542204,0.0,0.0,569415.888888895,31826100.48196687,0.0,0.0,0.0,2278.387341071639,0.0,5933094.987842544,0.0,0.0,282991.42027913587,0.0,10405395.60985545,902055130.2472789,60258.439041348196,0.0,0.0,0.0,0.0,3215574.0033397577,11392.033168711721,0.0,0.0,0.0
22,0.0,0.0,0.0,0.0,0.0,0.0,2696802.1490273075,0.0,0.0,0.0,0.0,0.0,0.0,0.0,0.0,0.0,0.0,0.0,0.0,0.0,0.0,0.0,0.0,0.0,0.0,0.0,396.9219403837288,0.0
23,0.0,0.0,0.0,0.0,1329.6705542093084,429243.808640568,0.0,0.0,0.0,0.0,0.0,0.0,0.0,0.0,40547.969031717206,0.0,300073.907025918,29012112.59073783,0.0,0.0,0.0,0.0,0.0,300115.5591433353,0.0,0.0,0.0,0.0
24,0.0,25078697.571070876,0.0,0.0,13224597.495110348,149124990.2388602,170.94629592911065,1610736083.634818,0.0,11675963.633881023,0.0,1251021667.6701305,0.0,0.0,7512522.440947773,0.0,24102965.40965017,7025245852.854523,94029145.51831704,0.0,0.0,0.0,60593.08401566479,118057969.63396329,97116736.70146805,0.0,0.0,0.0
25,63162.365105825585,58730049.27280664,0.0,0.0,35994968.693169534,626807862.6123396,56076.826209968676,479911005.7337463,16179.960183195533,5055476.5436795,29574.033535188864,2010900739.1633523,0.0,48210.352834348676,36589959.8952623,0.0,14954847.393011594,22264376725.576096,10523533.605871988,0.0,0.0,0.0,5625167.2929020105,130455202.64069462,64839238.02308907,0.0,0.0,0.0
26,844467.4224500653,17409.46968795052,0.0,0.0,162590.59937796195,3465961.3885588497,37.07400473631607,0.0,0.0,901752.3252035492,81389.11776808117,3594181.021152071,0.0,0.0,1975814.4854673638,0.0,26797.91293344271,2669.6141121840283,9049438.710033216,0.0,0.0,0.0,0.0,4033393.0786774466,161764.74400382076,0.0,0.0,0.0
27,10419.876745403719,7168802.889377748,0.0,0.0,0.0,188642.40183953734,37.79919049502074,369853.09905899875,0.0,0.0,0.0,1338328487.2148314,0.0,0.0,2929.727284406286,0.0,0.0,249307575.26046824,4072992.7313560457,0.0,0.0,0.0,0.0,3089200.3153096144,44867370.467087194,0.0,0.0,0.0
28,0.0,2865277.3024589303,0.0,0.0,0.0,11298.760743565539,0.0,60273.90498191793,0.0,0.0,0.0,34132675.45535736,0.0,0.0,11964.471089212693,0.0,0.0,1380306.8510655889,1187138.3945952968,0.0,0.0,0.0,128098.14913836683,47082.99842820458,0.0,0.0,0.0,0.0
29,507689.09258362994,667773.3939168135,0.0,110221.09331806483,2271305.5708378875,1554989.5593302227,5084564.556781,0.0,660546.2756515711,125.00870086072533,9893.815603512008,0.0,5394393.707965656,1108.2180029330634,3620017.8622953007,0.0,0.0,0.0,15367604.591991978,0.0,0.0,0.0,0.0,1809429.6521107573,39051.76479035417,0.0,0.0,0.0
30,6214.166582753642,2964080.199599361,0.0,0.0,8170417.449396972,487830.83430728945,25128438.40814244,0.0,8355448.908075302,0.0,156518.62117887492,18285693.681501694,33013.099929472526,0.0,239412.86722058276,0.0,22875.450998065397,0.0,16514565.062653402,0.0,0.0,0.0,0.0,29664.322034254492,0.0,0.0,269918.34111483715,0.0
31,0.0,0.0,0.0,0.0,317102.2177589681,3236.510928292535,40541249.098440066,0.0,1560104.3603217471,47645.77243150058,262111.26314399223,0.0,1003.567870120274,0.0,20716.804952789596,14855.875478254098,10321.633346956598,1117588.8563186633,3854714.975238884,0.0,0.0,178.9676697246335,0.0,7121.503387290799,0.0,0.0,56885.988055311915,0.0
32,51366.68641153748,36438959.949679494,0.0,963635.0464404107,20924178.994322337,2875730.8914413285,17091875.886787992,0.0,512540.85993607214,7357.957794871915,67845.86078794306,0.0,5069922.176193722,5234.865789684728,24254196.188547846,0.0,29459.899117999423,3278239.4980532276,6621493.943879531,0.0,0.0,0.0,0.0,895931.5022938671,63743.66711078415,0.0,0.0,0.0
33,0.0,0.0,0.0,0.0,415.049503382041,0.0,6514088.308846391,0.0,818469.7237805978,3457.7401121762155,0.0,0.0,246.96417653071956,0.0,0.0,5468.6110939619975,2516.2563519409723,0.0,1621781.323972419,0.0,0.0,0.0,0.0,0.0,0.0,0.0,4200.677251978348,0.0
34,0.0,0.0,0.0,0.0,0.0,0.0,1060903.8321378133,0.0,0.0,0.0,0.0,0.0,0.0,0.0,0.0,0.0,0.0,0.0,0.0,0.0,0.0,0.0,0.0,0.0,0.0,0.0,0.0,0.0
35,1509153.6617703827,8210117.322401739,0.0,0.0,54100.12617576992,6667824.991018908,72.4118109637828,0.0,0.0,1717886.821749898,0.0,62350350.78233703,0.0,0.0,786769.5627066001,0.0,0.0,0.0,44907523.74900584,0.0,0.0,0.0,0.0,410114.88021446974,1621253.2047111762,0.0,0.0,0.0
36,145279.37270790158,21548819.034446124,0.0,0.0,2180463.5163504165,1691646.8083156636,51783.08286295305,3684.7180849270835,1342.8628996012974,2387566.053788917,5943.14273192226,50931972.362722024,0.0,2655.936529902223,3677358.0143736964,0.0,274419.1136773241,3115235.5099992263,15719563.92534395,0.0,0.0,0.0,1277264.2966621988,1158686.577390133,143861.11708166008,0.0,0.0,0.0
37,34919.03190012852,369457.3270678942,0.0,0.0,2422670.711809619,151214.48281829426,1377.8787341680895,0.0,1048.3855856904659,12898122.842658218,3495.192514023437,753163.6968765256,0.0,0.0,4921766.2821835885,0.0,0.0,0.0,48817196.46723731,0.0,0.0,0.0,1493.8452309874133,671151.5698505476,7450967.878068116,0.0,0.0,0.0
38,0.0,0.0,0.0,0.0,0.0,0.0,11500.737380011913,0.0,0.0,0.0,0.0,0.0,0.0,0.0,15795.19750621962,0.0,0.0,0.0,0.0,0.0,0.0,0.0,0.0,0.0,0.0,0.0,0.0,0.0
39,1136646.9731873618,80129235.15582749,0.0,0.0,3262655.9298655284,58406083.69258969,1239566.849411475,0.0,223216.6906547418,22993296.05346089,9568.340458130906,474954769.8537029,734.6094131736594,10046.374621051917,20359809.23002085,0.0,0.0,0.0,4095104242.5252,0.0,0.0,0.0,2598.4819229722225,21182979.02538003,15237515.463795332,0.0,33258.89077360521,0.0
40,0.0,0.0,0.0,0.0,0.0,0.0,37.64054426625193,0.0,0.0,0.0,0.0,0.0,0.0,0.0,188.17489795172045,0.0,0.0,0.0,0.0,0.0,0.0,0.0,0.0,0.0,0.0,0.0,2502.9369627617434,583.3488183034639
41,12015047.148229502,11668792.757131333,0.0,0.0,335259.0509929767,115346934.67109714,169.97461565184946,0.0,151.0700976535494,9279.703845295142,103382.20561992926,572983230.874731,0.0,0.0,17249479.983980484,0.0,79282.00528668742,23602886.691274274,55480281.82514427,0.0,0.0,0.0,0.0,55152797.996748626,18540.255938838804,0.0,0.0,0.0
42,291738.9663746061,4328692.098513145,0.0,0.0,7781448.47124857,224998672.7895211,769.743470774402,306900.02450450987,0.0,89371.79399269116,187.86184286428195,358523402.10931516,0.0,0.0,18167560.47748619,0.0,59758305.62425766,191715088.96235976,7744350.3304474475,0.0,0.0,0.0,0.0,164475733.60280338,9651171.118486261,0.0,0.0,0.0
43,45591811.78017783,17087830.626468692,0.0,0.0,5084691.759452383,81669434.72619462,12967.005495419582,4769923.941896912,25825.902389794548,9829581.991352247,2741851.853370766,548347408.2856654,26895.53219319501,91.89689241229021,41187724.14772126,99727.71763586726,38498912.48637659,108549.27571011135,517776822.11854815,0.0,0.0,0.0,798551.0605825247,44438057.05747054,665234.8648085855,0.0,0.0,0.0
44,2218524.9379572575,202826.69270562235,0.0,0.0,2957519.8444030015,63494524.648209006,594.1621939912472,0.0,0.0,4455332.897786462,499893.8082192339,14162430.46007125,1220.4351682512297,0.0,32684493.49151947,74.27412257118057,36207.550460604165,105208.4759543807,30737341.645660263,0.0,0.0,0.0,0.0,38650121.8670258,542636.7401762869,0.0,0.0,0.0
45,0.0,0.0,0.0,0.0,0.0,0.0,15444742.02544543,0.0,0.0,0.0,0.0,0.0,0.0,0.0,0.0,0.0,0.0,0.0,0.0,0.0,0.0,0.0,0.0,0.0,0.0,0.0,0.0,0.0
46,0.0,0.0,0.0,0.0,0.0,0.0,3722475.0044905227,0.0,0.0,0.0,0.0,0.0,0.0,0.0,0.0,0.0,0.0,0.0,0.0,0.0,0.0,0.0,0.0,0.0,0.0,0.0,0.0,0.0
47,0.0,0.0,0.0,0.0,0.0,0.0,17030784.027032316,0.0,5817.9493041693195,25068.79754178646,0.0,0.0,3177.358919595052,0.0,0.0,2319.524439165365,0.0,0.0,181406.94298929983,0.0,0.0,0.0,0.0,46899.873963096354,0.0,0.0,3008.247387911868,0.0
48,0.0,188667.42780753158,0.0,0.0,21455755.295591705,316391521.0574483,0.0,0.0,0.0,15869.257930277347,0.0,5079714.43893195,0.0,0.0,10725741.279535657,0.0,7510165.199707308,1722527011.102197,2335946.0877053062,0.0,0.0,0.0,0.0,60287941.08861638,204232.7790261092,0.0,0.0,0.0
49,1092036.6863698347,10370017.526044456,0.0,0.0,49403.19375413237,50299013.77452104,595.4377841790003,0.0,0.0,48513.929970576784,245271.22591026942,525237665.94830215,0.0,0.0,1988263.633605565,0.0,72322980.40571722,6317250.586226497,7138524.03062129,0.0,0.0,0.0,0.0,39920617.434512444,47485.504826151046,0.0,0.0,0.0
50,1310157.0955240699,4362977.0263030585,0.0,0.0,71896.57024899505,10470791.23969243,166.50507221504873,2662.4209416961808,0.0,2219.1337753147186,187580.52445769243,14521476.26591719,0.0,0.0,5134365.789399335,0.0,31602579.74240713,19670.76130455739,8072947.057071089,0.0,0.0,0.0,0.0,5245456.457491017,28036.450127919947,0.0,0.0,0.0
51,24665566.89572028,55308129.904090375,0.0,0.0,2385865.7330626,241378909.0246422,897.5819515343003,224557.77739235383,0.0,11079.542080984857,528777.9036957226,4216440865.3857756,0.0,0.0,17657020.077565327,0.0,76746436.91412725,209731964.90303338,233179349.01383224,0.0,0.0,0.0,0.0,371995936.6657641,23199.40679347931,0.0,0.0,0.0
52,44636767.04506065,52798424.95311876,0.0,0.0,1286891.3087412394,270294750.58695036,1375.9025612912446,30282.774957131325,0.0,37510.54653550998,173802.29399883415,1670678631.2830424,1360.7925349333407,0.0,85677723.95676146,0.0,7470843.164655701,499837025.1993776,257631070.67482463,0.0,0.0,0.0,0.0,142769604.61645982,147245.36985807528,0.0,4328.174983239143,0.0
53,0.0,0.0,0.0,0.0,458.1179148400126,0.0,181948.6354145518,0.0,0.0,0.0,170902.45568328016,0.0,0.0,0.0,27549.85660516758,0.0,0.0,0.0,0.0,0.0,0.0,0.0,0.0,0.0,0.0,0.0,0.0,0.0
54,24632182.103084408,30263689.76691486,0.0,0.0,4005891.6290902765,427496926.1445699,0.0,343649.09189612634,0.0,20112.119592653213,282075.67284912016,3110089019.7965155,0.0,0.0,122887499.13389541,0.0,3923190.8873877055,554798015.3922276,254082132.534883,0.0,0.0,0.0,0.0,304402910.33498716,63862.11896711121,0.0,0.0,0.0
55,37635718.48065355,2666732.4781662934,0.0,0.0,23270278.11423323,223126401.62099713,217553.72133480667,0.0,451149.3843801487,34318801.63754777,1712253.4520555895,116439058.5991858,15518.75111391771,183.83739251929015,127655923.51231314,0.0,80076.85459401205,9384.901279340278,183535913.1276285,0.0,0.0,0.0,618474.7801688439,210554545.59327918,766038.6510939203,0.0,0.0,0.0
56,29396965.995639756,23264184.819464788,0.0,0.0,659383.1964907962,154693084.34245023,56.55374635963422,0.0,0.0,14435.712383235004,280417.5647652016,1007828373.8347499,302.1057810222078,0.0,29447309.653918333,0.0,2544802.633339411,4130247.9530511103,249410312.19498205,0.0,0.0,0.0,0.0,110340765.67007078,44357.8792998174,0.0,0.0,0.0
57,0.0,0.0,0.0,0.0,183.21178353714555,16303.737704279925,0.0,1114431.8440794817,1832.749918837915,1319.5843045582562,0.0,0.0,0.0,0.0,275.08454434407554,0.0,658735.9883453922,22765467.252650503,0.0,0.0,0.0,0.0,0.0,12778.027748270146,0.0,0.0,0.0,0.0
58,1914.0193691993638,15946094.362190776,16036.395493459879,4553301.993873918,2057179.8907631182,64570591.33392939,753.6675665067032,2166177.360005213,15598.51044789728,8708494.837062208,0.0,0.0,0.0,5858.342238202041,6736915.588809849,0.0,4576997.891977414,564206080.0215442,263696.0888227848,0.0,0.0,0.0,0.0,47141607.14090339,915357.9753585951,0.0,0.0,0.0
59,0.0,0.0,0.0,0.0,1165.5962771931668,58567.15802804321,0.0,4585.274719407407,358.2409725692516,1866.8232225327934,0.0,0.0,0.0,10860.75613196446,9873.757560988137,0.0,1554655.3636218058,1988353.7519119664,0.0,0.0,0.0,0.0,0.0,119363.36528688272,2297.871320444445,0.0,0.0,0.0
60,0.0,0.0,0.0,1868704.2446042704,0.0,36640.68729566592,0.0,0.0,0.0,96411.72272344213,0.0,0.0,0.0,0.0,7348.854087400053,0.0,107686.94424742777,2769024.1865688786,14404.763743139396,0.0,0.0,0.0,0.0,81941.37086566382,4566.716620731988,0.0,0.0,0.0
61,0.0,45790.11662322876,0.0,0.0,5092.699503474634,620831.1724422537,0.0,370730.6144700479,71.48199615099344,297854.8643894268,0.0,0.0,0.0,178.50015012261287,17768.191582986954,0.0,822985.5586855834,60363930.55652491,0.0,0.0,0.0,0.0,0.0,1149650.0158194466,18592.011744856267,0.0,0.0,0.0
62,0.0,0.0,0.0,0.0,0.0,35188.90501928833,0.0,132788.543751603,0.0,30688.797227478248,0.0,0.0,0.0,185.8974175245949,1115.053704263238,0.0,37927.1641280518,9796273.03743928,0.0,0.0,0.0,0.0,0.0,96236.87798997012,0.0,0.0,0.0,0.0
63,0.0,17898321.478408724,30126.644785938275,0.0,70808.32446105758,7677598.397834498,0.0,418224.6474279202,1158.011254323206,1244853.3971024663,0.0,0.0,0.0,270.68395029429496,907387.5023760481,0.0,1622314.1835756022,149979638.56040776,4794.889255326895,0.0,0.0,0.0,0.0,6951098.324412082,47580.87869124786,0.0,0.0,0.0
64,0.0,0.0,0.0,669040.1170984699,363.51318738703225,237741.2640378101,0.0,0.0,0.0,23837.173444338547,0.0,0.0,0.0,0.0,22792.732604990477,0.0,36865.0574052989,4019265.999359934,0.0,0.0,0.0,0.0,0.0,151179.48066999583,0.0,0.0,0.0,0.0
65,0.0,0.0,0.0,1144646.9648343143,1730.1893616676311,16818.061111816227,0.0,0.0,1967.0981238410493,0.0,0.0,0.0,0.0,0.0,1911.8230259833142,0.0,20652.079183291236,680902.1385114205,0.0,0.0,0.0,0.0,0.0,62200.18805017879,0.0,0.0,0.0,0.0
66,0.0,0.0,0.0,0.0,1148.106649952257,49192.755716621476,0.0,450218.7210338651,141.41200364911265,72683.26754509799,0.0,0.0,0.0,2562.698614883657,2915.8231239291576,0.0,190517.02776783923,4264714.41216435,0.0,0.0,0.0,0.0,0.0,241158.66010099175,18756.37897454291,0.0,0.0,0.0
67,0.0,0.0,0.0,0.0,67667.75119409463,3499110.793817299,0.0,1240848.643944052,672.985041479649,111261.09956076591,0.0,0.0,0.0,1588.9464071498242,393277.838045276,0.0,411236.73003444495,135801261.17419738,144290.7236727485,0.0,0.0,0.0,0.0,8583900.101897141,7210.495386751881,0.0,0.0,0.0
68,0.0,3376307.3417861816,42756.3728455855,23797229.48834855,12312.623852891591,572670.127232663,760.2371728248216,46657.674524754366,9230.869876059654,1695803.0324319657,0.0,0.0,0.0,15491.07701970486,64555.59251399356,0.0,18312341.83501176,75682554.32621437,148631.16576520476,0.0,0.0,0.0,0.0,1548206.5164953922,3137470.704040385,0.0,0.0,0.0
69,0.0,0.0,0.0,32058.753205136687,3045.4281893468483,111611.67869820526,0.0,121785.32104418475,369.09594614525463,0.0,0.0,0.0,0.0,0.0,9687.979411141674,0.0,84582.01875703341,16963373.358288784,0.0,0.0,0.0,0.0,0.0,434968.3447493536,0.0,0.0,0.0,0.0
70,0.0,0.0,0.0,0.0,0.0,0.0,0.0,0.0,0.0,0.0,0.0,0.0,0.0,0.0,0.0,0.0,0.0,0.0,0.0,0.0,0.0,0.0,0.0,0.0,0.0,0.0,0.0,0.0
71,0.0,0.0,0.0,940116.7114545204,0.0,2273.492346494141,0.0,2274.083657526042,72.15668475896992,9946.153147496238,0.0,0.0,0.0,90.07813622010032,0.0,0.0,231013.15647283083,504572.4877022261,0.0,0.0,0.0,0.0,0.0,5684.008865424046,0.0,0.0,0.0,0.0
72,0.0,0.0,0.0,0.0,36831.9528069084,1401601.5285892019,0.0,0.0,148.09504750880114,3110.450221920091,0.0,0.0,0.0,1202.7260273941456,128535.63305298124,0.0,0.0,1056234.2776243628,0.0,0.0,0.0,0.0,0.0,404557.0911972188,0.0,0.0,0.0,0.0
73,0.0,0.0,0.0,0.0,0.0,0.0,0.0,0.0,0.0,34543.07225318731,0.0,0.0,0.0,361.3161590764854,271.0631323845004,0.0,6828.876166841579,143848.247097972,0.0,0.0,0.0,0.0,0.0,2276.8949384422745,12518.95378185308,0.0,0.0,0.0
74,0.0,2312840.1446166122,0.0,7855.759499319443,431919.5877718835,26960063.256161373,36.16079275496721,3842078.8228312177,49481.34164462827,21516130.23848621,0.0,0.0,0.0,7026.681152061874,1865685.8785532112,0.0,2225031.360630214,77975505.49824934,27985.271245386048,0.0,0.0,0.0,0.0,18874892.131631967,675492.7904492236,0.0,0.0,0.0
75,0.0,90638.92704895561,0.0,1887759.0596498323,50941.25879512298,6465962.546237809,90.20355891100021,205514.48831335525,216.86948182986112,738692.1708937862,0.0,0.0,0.0,180.42735569227432,611083.2461228727,0.0,1568890.466999443,184299887.6575845,0.0,0.0,0.0,0.0,0.0,3504201.0847110148,219446.36885597892,0.0,0.0,0.0
76,0.0,0.0,0.0,2817756.6223130375,543.5056726367188,129917.87581192168,0.0,4550.16763418316,0.0,15435.147211875003,0.0,0.0,0.0,0.0,41575.603401338376,0.0,140134.0624989233,1839486.4477510923,0.0,0.0,0.0,0.0,0.0,61159.539341890435,4565.7351233852,0.0,0.0,0.0
77,0.0,9352.701357588325,0.0,0.0,1206.226700539581,23384.382448586373,0.0,0.0,3340.4457906144394,20562.23465900092,0.0,0.0,0.0,0.0,8165.465006059088,0.0,2338.688383471137,0.0,1144700.7462480376,0.0,0.0,0.0,0.0,36246.606055476135,0.0,0.0,0.0,0.0
78,0.0,62241249.0806248,28473.708171391107,0.0,529043.7939607361,34097585.83643502,5997.274309820699,590117.9178035744,2219.3428400837797,451398.58716327033,63669.62693098572,0.0,0.0,470.1270780604987,3911783.024270986,0.0,19941579.307574105,1267767317.943416,3125086.2056982787,0.0,0.0,0.0,0.0,158863554.27387586,1925254.6155941673,0.0,0.0,0.0
79,0.0,292372151.5280264,0.0,0.0,138916.4445038672,16795779.910113145,2604.6111897224155,13985.632183192274,0.0,39806.12116948953,0.0,0.0,0.0,0.0,2851354.2020551614,0.0,8826934.54698666,78408376.10340199,1872136.7153702364,0.0,0.0,0.0,0.0,7333367.929450463,103854.78308442896,0.0,0.0,0.0
80,0.0,344248719.6344437,46248.18738567467,0.0,655851.836969991,49580900.64313747,5328.137437821965,1233634.3824280421,1074.5597655863955,5630488.6110809725,0.0,0.0,0.0,1208.058775352889,4399601.072300135,0.0,23673507.787231673,1947993540.6700866,2121546.2821123484,0.0,0.0,0.0,0.0,514758163.1647179,15596694.49672655,0.0,0.0,0.0
81,0.0,4973883.1113494625,14982.361382341049,0.0,67131.39215771809,10270656.96335694,58676.38594785271,342272.228750068,6759.330609740934,64338.10550946373,0.0,0.0,0.0,7295.885788666691,1396556.8890969676,0.0,19272455.331021078,763809153.1423898,42885.01416833912,0.0,0.0,0.0,0.0,14244541.931417538,474307.55827746453,0.0,0.0,0.0
82,0.0,229926422.26348713,18820.89038705101,0.0,551293.4210001134,31416154.753268026,515.4812863978107,4993187.872405069,1071.135106077715,7244555.37258984,0.0,0.0,0.0,3129.4775656811225,4393043.573733206,0.0,13334566.885297438,2044093336.3552597,1879262.5227020644,0.0,0.0,0.0,0.0,272628214.30136096,13888136.532275315,0.0,0.0,0.0
83,0.0,189983331.15438822,0.0,0.0,721904.1691698012,83566015.91378066,4390.811751973598,4499758.960850935,0.0,5656023.345294323,0.0,0.0,0.0,275.51048362774884,9756271.125028707,0.0,8899907.759641696,1679645805.1265872,4277339.209585878,0.0,0.0,0.0,0.0,235597947.6941693,16254427.220426757,0.0,0.0,0.0
84,0.0,86022371.19909494,29955.969362382977,0.0,278925.37132644496,27590178.709169365,3307.4228456805567,6036090.323868228,0.0,138623.16845764962,0.0,0.0,0.0,560.7920667993466,2798458.041383009,0.0,8869557.524962656,1000755964.2805362,34364.146963593776,0.0,0.0,0.0,0.0,152547510.6822811,1295587.9504686315,0.0,0.0,0.0
85,0.0,0.0,0.0,0.0,0.0,0.0,0.0,0.0,0.0,0.0,0.0,0.0,0.0,0.0,0.0,0.0,0.0,0.0,0.0,0.0,0.0,0.0,0.0,0.0,0.0,0.0,0.0,0.0
86,0.0,6141539.622152776,4625.315106067901,0.0,111308.38511785076,5553438.587035772,470.95780627399216,155484.50084313285,0.0,356590.7459645687,0.0,0.0,0.0,180.50696131546584,756418.2570365549,0.0,11261002.419232829,514977138.096954,3967775.3453243673,0.0,0.0,0.0,0.0,17892021.899846807,1330095.3431800087,0.0,0.0,0.0
87,24992.22106957537,84886.09545964774,157769.59548074525,16411.394785154658,29975.685187579576,774.2695553446181,54480.76052071593,0.0,64360.64045810232,749304.9483441847,0.0,0.0,46.172942513792435,0.0,34909.02777344738,913.1251267250194,0.0,0.0,7341.064213607206,0.0,0.0,0.0,166919.03694835573,35886.74005968302,40127.09108047324,0.0,0.0,23.60769702604167
88,0.0,0.0,432.4095954269387,30632.06723741898,0.0,0.0,301.0340013009741,0.0,287.2551758031443,156.99144127334105,0.0,0.0,0.0,0.0,0.0,0.0,0.0,0.0,49837.17564542362,0.0,432.3875746252894,0.0,1720.3446873243636,0.0,0.0,0.0,0.0,0.0
89,0.0,0.0,0.0,0.0,0.0,0.0,0.0,0.0,0.0,0.0,0.0,0.0,0.0,0.0,0.0,0.0,0.0,0.0,0.0,0.0,0.0,0.0,0.0,0.0,0.0,0.0,0.0,0.0
90,0.0,0.0,0.0,0.0,0.0,0.0,0.0,0.0,0.0,0.0,0.0,0.0,0.0,0.0,0.0,0.0,0.0,0.0,0.0,0.0,0.0,0.0,0.0,0.0,0.0,0.0,0.0,0.0
91,0.0,0.0,0.0,0.0,0.0,0.0,0.0,0.0,0.0,0.0,0.0,0.0,0.0,0.0,0.0,0.0,0.0,0.0,0.0,0.0,0.0,0.0,0.0,0.0,0.0,0.0,0.0,0.0
92,0.0,0.0,0.0,0.0,0.0,0.0,0.0,0.0,0.0,0.0,0.0,0.0,0.0,0.0,0.0,0.0,0.0,0.0,0.0,0.0,0.0,0.0,0.0,0.0,0.0,0.0,0.0,0.0
93,0.0,0.0,0.0,0.0,0.0,0.0,0.0,0.0,0.0,0.0,0.0,0.0,0.0,0.0,0.0,0.0,0.0,0.0,0.0,0.0,0.0,0.0,0.0,0.0,0.0,0.0,0.0,0.0
94,0.0,0.0,0.0,0.0,0.0,0.0,0.0,0.0,0.0,0.0,0.0,0.0,0.0,0.0,0.0,0.0,0.0,0.0,0.0,0.0,0.0,0.0,0.0,0.0,0.0,0.0,0.0,0.0
95,0.0,0.0,0.0,0.0,0.0,0.0,0.0,0.0,7507.1466117912805,0.0,0.0,0.0,0.0,0.0,0.0,0.0,0.0,0.0,0.0,0.0,0.0,0.0,0.0,0.0,0.0,0.0,0.0,0.0
96,0.0,0.0,0.0,0.0,644.4419101955536,0.0,0.0,0.0,0.0,0.0,0.0,0.0,0.0,0.0,322.52373511091827,0.0,0.0,0.0,0.0,0.0,0.0,0.0,0.0,0.0,0.0,0.0,0.0,0.0
97,0.0,0.0,0.0,0.0,0.0,0.0,0.0,0.0,0.0,0.0,0.0,0.0,0.0,0.0,0.0,0.0,0.0,0.0,0.0,0.0,0.0,0.0,0.0,0.0,0.0,0.0,0.0,0.0
98,0.0,447148.3954936995,32746.12908603993,0.0,289502.53730809153,37142631.92184293,3379.9808957682662,10018918.984767431,1367432.8071649694,32316082.217151277,0.0,0.0,0.0,0.0,2442726.8829164784,0.0,142931.79256286088,107734372.84777598,4241718.857279686,0.0,0.0,0.0,0.0,32057205.893715017,22932135.410364367,0.0,0.0,0.0
99,0.0,4360996.448807039,118302.62678921958,0.0,808463.9626463678,4621748.981831817,7393.204118344021,76592014.3192722,17061.9580115423,1008313.4036457745,0.0,0.0,0.0,0.0,331188.3203592149,0.0,1208182.5847259322,6459774694.455907,92715623.74337949,0.0,0.0,0.0,0.0,21590366.201504022,9611581.342553837,0.0,0.0,0.0
100,3016.5852383390484,479619.3525935312,339582.3858282546,0.0,2007916.0448382043,149645337.7813384,34378.64155325914,31330247.569072306,144189.24828790667,9798797.154738797,0.0,18206801.0805345,284.9322199036364,5790.612512659038,10193280.854593381,0.0,55110087.48872804,4204184600.8410864,214699311.15139273,0.0,0.0,0.0,4774722.122021611,137087943.44492555,36740239.270098954,0.0,0.0,0.0
101,0.0,612383310.050756,0.0,0.0,27821704.255632963,332909973.85029507,837.3167198254966,0.0,11203.687032077545,20878527.762745522,0.0,16227998.302554801,338.10898144048997,0.0,10300125.008350149,0.0,0.0,1752647349.852717,793519501.5863823,0.0,0.0,0.0,1641112023.4562473,355556740.36843807,11192374.457720565,0.0,0.0,0.0
102,0.0,6942423.657215562,202023.00086633835,0.0,121158.4520430158,6410224.183285753,0.0,126497942.1532974,0.0,136603.31465994558,0.0,0.0,0.0,0.0,6237.895285221836,0.0,7788720.630149391,4427573496.937822,8212753.292059789,0.0,0.0,0.0,21786.029215800925,3566268.1374720708,462621.75225766806,0.0,0.0,0.0
103,0.0,6196687.395699918,0.0,4050847.2891604234,5013308.097448106,130803396.08733629,6672.44941573088,0.0,8389.536356368631,176491246.8267499,3169805.55028432,5385782.899097952,644.9404806218172,594108.0743586115,10922702.10308976,0.0,0.0,389888865.78080845,30023107.015997723,0.0,0.0,0.0,10062270.876824526,73510926.08450761,1954663.0293778577,0.0,0.0,0.0
104,0.0,0.0,0.0,0.0,186.75900649233216,56475.47175091537,0.0,11763.529243517796,0.0,6125.764428098911,0.0,0.0,0.0,0.0,6629.951965005064,0.0,296453.79837979126,25152705.85750632,0.0,0.0,0.0,0.0,0.0,105889.10526905034,0.0,0.0,0.0,0.0
105,0.0,0.0,300082.35549370846,0.0,189.4333681200569,14629.53264585017,0.0,55367929.91544884,0.0,1364.2427682416092,0.0,0.0,0.0,0.0,284.2604605229734,0.0,0.0,856279163.5325277,2008.940619490729,0.0,0.0,0.0,0.0,122477.97701142445,0.0,0.0,0.0,0.0
106,0.0,0.0,0.0,0.0,0.0,0.0,0.0,0.0,0.0,0.0,0.0,0.0,0.0,0.0,0.0,0.0,0.0,0.0,0.0,0.0,0.0,0.0,0.0,0.0,0.0,0.0,0.0,0.0
107,0.0,520059.6767517087,0.0,0.0,14972.656300151068,72927.07857169119,12637933.501554368,0.0,18203370.938136134,797853.5622319758,0.0,0.0,96061.54073696808,0.0,26107.097405603778,0.0,0.0,717281.766468825,191053142.20573798,0.0,0.0,0.0,7523.220248584779,83081.25901512828,797892.1208371994,0.0,0.0,0.0
108,0.0,0.0,0.0,0.0,0.0,0.0,0.0,0.0,0.0,0.0,0.0,0.0,0.0,0.0,0.0,0.0,0.0,0.0,0.0,0.0,0.0,0.0,0.0,0.0,0.0,0.0,0.0,0.0
109,0.0,6704710.930998561,0.0,0.0,190200.9614277684,3259915.7152055125,0.0,0.0,1165.2283200238235,997263.14103865,0.0,2458792.0050935904,0.0,0.0,12529.756768586636,0.0,0.0,1140106341.5187955,43415262.41104153,0.0,0.0,0.0,13971970.482281504,2245465.500290425,857537.8825770692,0.0,0.0,0.0
110,0.0,144620901.5666265,0.0,0.0,1839242.2626303853,16949437.651156332,1886.9066814178238,0.0,22325.404797785537,103856.51697023888,0.0,4368374.07423338,1471.4898629351367,0.0,573864.4113098838,0.0,0.0,73554077.30727336,231782486.16292942,0.0,0.0,0.0,1299083425.5425837,16952812.65702806,183743.13544479493,0.0,0.0,0.0
111,0.0,0.0,0.0,0.0,0.0,0.0,0.0,0.0,0.0,0.0,0.0,0.0,0.0,0.0,0.0,0.0,0.0,0.0,0.0,0.0,0.0,0.0,0.0,0.0,0.0,0.0,0.0,0.0
112,0.0,0.0,0.0,0.0,0.0,0.0,0.0,0.0,0.0,0.0,0.0,0.0,0.0,0.0,0.0,0.0,0.0,0.0,0.0,0.0,0.0,0.0,0.0,0.0,0.0,0.0,0.0,0.0
113,0.0,42380.03976848244,0.0,33303.58984060745,522369.55969264376,2138699.4511763128,16802087.972062398,0.0,954572.6728450209,3454731.9208319345,13832315.134467391,0.0,0.0,0.0,1133373.8585797795,0.0,2454.095000651693,0.0,68760851.23533396,0.0,0.0,0.0,0.0,2256133.7483034097,408.62428489257815,0.0,124854.71773827527,0.0
114,224.04208334658986,217917.22774689397,2876312.278177716,1636691.936776668,3552278.0210298463,18022083.045497417,1479636.6804269787,0.0,6524245.217055086,17836151.6673435,45172978.01963017,0.0,0.0,4097.525453520207,1661061.9640798275,0.0,0.0,0.0,13083697.17682513,0.0,0.0,0.0,0.0,20800516.209799662,1307129.0814594773,0.0,1633.7554534931044,0.0
115,35848.85223695076,2919243.1886520786,1342286.7462875922,2010675.5312436363,1737768.462832309,12178444.17894534,4505866.845030606,0.0,2428673.2095632046,56754016.07752258,13983535.373132858,0.0,0.0,0.0,7278844.552630769,0.0,0.0,15543.191672743153,7070000.711155085,0.0,2696.1641664066356,0.0,2581713.628316824,33199426.122573543,2731637.106852272,0.0,56713.58741164399,0.0
116,0.0,5713.302434748553,101528.8623441078,19748.0322838166,3109.874648850791,284406.8064400382,237436.6222754378,0.0,76617.51855702518,1251528.6630901904,39400.485695436924,0.0,0.0,0.0,1982.1529041290512,0.0,0.0,0.0,21719.00399799627,0.0,0.0,0.0,0.0,716116.9760963228,28602.707270207142,0.0,28.36856879359568,0.0
117,0.0,931511.5667448638,961611.3975844741,14902412.089189466,33364.02662033903,26744.2530808859,43070.30479962389,0.0,44610.85383033226,734146.8317497257,6560.183002001833,0.0,0.0,0.0,10891.365203809557,0.0,0.0,0.0,299817.6694727727,0.0,0.0,0.0,58980.6773183507,7758.549241146653,1312295.7063994252,0.0,275.6224027364005,0.0
118,0.0,0.0,0.0,0.0,0.0,2776.890900132921,0.0,0.0,0.0,0.0,705.1979727277442,0.0,0.0,0.0,1145.8893669173178,0.0,1851.1893164590567,7404.864195618851,0.0,0.0,0.0,0.0,0.0,2776.7126746350555,0.0,0.0,0.0,0.0
119,0.0,994637.788005586,0.0,0.0,1525552.9080450735,4716517.263088882,1620.8254212997201,0.0,516284.19457466283,6229819.149214086,72179.95571168618,0.0,0.0,0.0,769424.1937780498,0.0,0.0,0.0,571.6674787238215,0.0,0.0,0.0,0.0,8914707.535585292,26575.069520259825,0.0,0.0,0.0
120,0.0,0.0,104971.15934080294,936135.5137755874,2189563.695332357,16999697.03884426,0.0,3215265.010249187,33883.28717175946,13130.73484097512,2996488.785904764,5470.215053829572,0.0,94545.97596030946,3376925.7429162483,0.0,4578420.552048965,450260342.7630517,22610.896751469256,0.0,0.0,0.0,0.0,8857776.309722234,36625.37187201226,0.0,0.0,0.0
121,309708.94427608285,64080507.027345635,1945401.5363337388,83132644.87807271,24694889.967742156,18226974.978103176,45664.42893000139,471702.03392260737,263889.87766537385,335113.1973499713,65712.65907597271,0.0,0.0,0.0,903010.3360254166,199.9759824069252,0.0,403304.703448861,346442.9982395832,0.0,0.0,0.0,49092306.483196296,1306992.8845907166,17410.7149903202,0.0,0.0,0.0
122,811440.2593573278,196618170.67932674,3179025.9638322988,8805735.470064677,36983051.44037588,3203414.02560265,28140.8384959417,23724.15250047071,106830.132102053,461673.2022434486,5365.816702449363,0.0,0.0,0.0,1084471.4289518197,0.0,0.0,0.0,128583.93530140402,0.0,0.0,0.0,1469304.9426567855,1353557.5306135803,13504.483361810873,0.0,0.0,29.078424189525464
123,0.0,0.0,0.0,0.0,0.0,0.0,0.0,0.0,0.0,0.0,0.0,0.0,0.0,0.0,0.0,0.0,0.0,0.0,0.0,0.0,0.0,0.0,0.0,0.0,0.0,0.0,0.0,0.0
124,0.0,64661.5883195544,0.0,4096782.120653646,615.846828725164,361176.1994050253,0.0,0.0,0.0,9010.042165354746,57085.835301770356,0.0,0.0,0.0,21459.27807266493,0.0,175531.4321344817,4048644.545776545,1303.6025146904417,0.0,0.0,0.0,9241.215242289136,958973.1150891145,43416.689227681214,0.0,0.0,0.0
125,3867.4718748026653,379972.06709057395,15395.549854896079,8605.622833807389,778705.6409142861,5500.104235409831,573.0885761131367,14267.239867865886,1491.078540640842,120195.81090084613,0.0,0.0,0.0,0.0,7263.701714521605,0.0,0.0,0.0,0.0,0.0,0.0,0.0,11762.862576260997,49265.35320271843,172.27763138834638,0.0,0.0,0.0
126,39809.15848274661,588784779.3221076,0.0,866402340.3307656,9298527.260345085,91201064.73536193,1486.5524225441743,0.0,3493.600370216339,6316099.001274803,7925962.594174581,0.0,0.0,0.0,87668490.99433373,0.0,8433587.96645076,2641978515.705137,137496217.9879775,0.0,0.0,0.0,4309635.118847152,297498533.1954147,3076402.531307992,0.0,117.4199486606144,0.0
127,0.0,358817259.53167415,23027.81267022396,13081812.212382564,6271259.329717897,67332069.52198583,1077.0831608254123,261837.70667070855,1153.4668569748987,1328980.7204858528,8473926.816076322,21458.585588241935,0.0,476326.6618158578,50542316.78027473,0.0,9807709.771395793,908352981.5742631,12103750.521580711,0.0,0.0,0.0,149233.98963433097,62391519.92389101,113654.71574960779,0.0,2562.594676401524,0.0
128,6203.436094666522,16195810.756665604,6387.166274409723,88436620.52278417,1990250.1216339099,89446964.61517017,72.18375177066454,0.0,853.8086494365356,347616.64955581666,4502040.71388122,0.0,0.0,0.0,15504329.877191054,0.0,3088821.5861264314,613967716.9436237,72625046.11977217,0.0,0.0,0.0,1270209.067542438,92177338.89798233,474465.49477963644,0.0,0.0,0.0
129,0.0,50698852.6199751,27754.940220232205,109502099.90654823,1838055.3770888546,85919402.36313586,0.0,2877.5947665400754,0.0,799466.8770628573,1220315.298806801,0.0,0.0,0.0,21916280.281237986,0.0,1986023.8568735602,2054620578.794499,130940109.68056312,0.0,0.0,0.0,8365576.847447552,116769178.40415874,1819131.947852215,0.0,0.0,0.0
130,0.0,0.0,0.0,0.0,5392.2133813401815,2783724.3639445542,0.0,221309.57667267937,0.0,0.0,0.0,0.0,0.0,48906.124943139446,56841.79206949331,0.0,2306594.361162141,41278387.89645,0.0,0.0,0.0,0.0,0.0,649122.1806177247,0.0,0.0,0.0,0.0
131,6408.86870697396,203581312.29804087,0.0,160709336.01324326,15273487.279804667,80406923.39925112,0.0,0.0,0.0,1197049.9821328942,12135434.605107501,0.0,0.0,0.0,116021948.589558,0.0,176025.15875777352,480377725.47069263,25249584.692800187,0.0,0.0,0.0,329911.8679743538,133337590.47596835,24416.74172338831,0.0,0.0,0.0
132,0.0,0.0,0.0,0.0,122090.50193257793,5203119.20281405,0.0,10714985.559984503,681.5623926713446,0.0,662.59515738013,0.0,0.0,1419.9787317811113,87077.48235079045,0.0,6503946.724832911,206890910.80049148,19159.937370010175,0.0,0.0,0.0,0.0,4598456.388697812,0.0,0.0,0.0,0.0
133,0.0,0.0,0.0,0.0,22308962.61871282,285353707.4116114,0.0,22741963.310028568,688954.1765180435,440.48257384731875,181664.4408026694,0.0,0.0,497932.99369457504,5133838.104542306,0.0,28580247.480700042,1024125905.7255335,23414.27298228858,0.0,0.0,0.0,0.0,109847472.44665419,15870.81522058057,0.0,0.0,0.0
134,0.0,0.0,0.0,0.0,189.92626709202895,452984.10896414216,0.0,1440168.8392475813,0.0,0.0,0.0,0.0,0.0,9971.288933213527,0.0,0.0,1773539.3359604396,56718399.54634729,0.0,0.0,0.0,0.0,0.0,158118.3005351518,0.0,0.0,0.0,0.0
135,0.0,0.0,0.0,0.0,76435.26170306581,856265.2383645999,0.0,13672.859201437988,0.0,0.0,474.75793308791174,0.0,0.0,759.6005412693278,25921.7836101222,0.0,758860.9748460997,1042562.6717930268,0.0,0.0,0.0,0.0,0.0,504186.3840140961,0.0,0.0,0.0,0.0
136,0.0,0.0,0.0,0.0,1949447.0381171745,81826797.50804013,0.0,2166844.3044533553,12110.191158807798,1239.235300702836,12671.172537959588,0.0,0.0,269683.1647134086,1709768.515619153,0.0,3250440.253063843,67192836.39970763,807.113192697121,0.0,0.0,0.0,0.0,59967304.908528216,54510.55712572752,0.0,0.0,0.0
137,0.0,0.0,0.0,0.0,0.0,0.0,0.0,0.0,0.0,0.0,21803.670120600375,0.0,0.0,0.0,0.0,0.0,0.0,0.0,0.0,0.0,0.0,0.0,0.0,0.0,0.0,0.0,0.0,0.0
138,1994.3962967048612,307875904.46977025,0.0,603670395.834386,4074621.5726657663,57784738.16996586,336805.3939485348,0.0,52055.306269440465,27266951.17360977,12234684.510338005,0.0,0.0,3746.206091084466,10177719.0725398,0.0,0.0,192985835.37495297,1822627.5225117586,0.0,0.0,0.0,193082015.7400282,130032038.96212618,42315788.57321401,0.0,17233.90503555959,0.0
139,230.0404806901075,51323554.55821476,51640.56560702735,189507951.47891778,938025.2979998861,44089964.735652946,3109500.510682935,1230.0646009918983,239505.5222701504,56611591.948519476,6715450.99471796,0.0,0.0,8236.164328583383,7349979.064014897,0.0,22411.530863579428,5986957.039546454,1393375.0645239225,0.0,20131.27602179577,0.0,6284226.737809598,75945491.43747479,47559392.60639891,0.0,8790.253342500628,0.0
140,0.0,35605583.83969186,20509.297086892584,87458055.47855611,382499.37784045987,55740907.12781599,139003.1021608863,0.0,2078.8996594825185,3943190.740276472,2559793.22929361,0.0,0.0,713635.5679871857,10847994.76384622,0.0,169122.03393501308,350115384.7851185,857568.7963937388,0.0,0.0,0.0,4670725.534408978,58666959.68809361,3002858.1770630106,0.0,0.0,0.0
141,57139.504497199065,42440780.02859438,68472.79649817033,496762.2292507761,15463393.819757612,7264330.534529959,18851434.102399066,0.0,11576857.233626066,15374075.708953986,4537088.635909547,0.0,503088.20740889834,383.78978864390433,4058583.4563009455,0.0,0.0,0.0,140118328.36920023,0.0,0.0,0.0,0.0,12251534.411507137,1057046.2986595638,0.0,6575.441684170188,0.0
142,0.0,6825020.767288067,239566.9234950667,65118858.91124999,4693018.072257758,102847201.6800557,2903.618388587318,0.0,31644.110320883494,74734.8986748674,4104507.351843569,0.0,0.0,0.0,14095151.364943296,0.0,2478676.2818968277,281599594.33898,2166148.018922171,0.0,0.0,0.0,147420.44638100846,29986156.730806775,104836.95105068506,0.0,0.0,0.0
143,0.0,16746282.44127059,0.0,255823876.06344262,31251.83461407323,3510866.7806188585,4841.634793118925,0.0,25852.805395375286,4615152.856452236,35496.34512553543,0.0,3882.0551725195314,4502.784080176022,183573.56266650907,0.0,4116.013444572266,256518739.79437843,994034.627006508,0.0,0.0,0.0,9881307.676071744,8871203.531637503,11869685.473822588,0.0,1295.0090410604505,0.0
144,0.0,45258755.69918376,5533.813275067636,9661974.104384582,1507721.1404232415,30188954.38968493,22450.593761989767,0.0,7355.833514196182,1448532.8068858213,81658466.67788255,0.0,0.0,27913.054332201362,14207166.213835327,0.0,85226041.95557234,84337592.60033268,2991389.1535197664,0.0,0.0,0.0,73283.88703149161,29192443.68619256,257818.204910668,0.0,0.0,0.0
145,36893.51265018194,3962121.7829688913,0.0,38425880.74546238,473775.637333731,9358784.682868067,1009684.7756242794,0.0,395582.3978268654,30603151.342314668,909282.7245381421,0.0,0.0,314.6995784652296,1610206.0941893791,0.0,0.0,126446.4298907127,2791888.0276056575,0.0,3785.4916495117186,0.0,89086.15498245406,19754621.429953836,14680869.29896305,0.0,991.0013812861691,0.0
146,14847.911000915003,110496.39664276368,0.0,0.0,2550458.231402135,68806.38839402546,56684811.53270996,0.0,7888452.702451208,0.0,359437.1680453114,5853303.150005981,0.0,0.0,68223.03220391947,0.0,0.0,0.0,4053992.251657205,0.0,0.0,0.0,4424.5233130332035,20497.278533480978,0.0,0.0,111921.64807470594,0.0
147,0.0,0.0,0.0,0.0,153572.73922079548,516862.1965314977,3195045.682011383,0.0,43306.936994622556,0.0,166.23048598548422,0.0,0.0,0.0,132467.86669475312,0.0,0.0,0.0,144089.86800430718,0.0,0.0,0.0,0.0,14160.607298078705,0.0,0.0,450.02838984587197,0.0
148,9583.584253505955,0.0,0.0,0.0,144567.56388252162,2713438.328763869,236451.05147069218,0.0,240858.2368402838,1037.9250854590084,889.4161148460408,0.0,226152.2861099961,0.0,1983484.6352712517,0.0,0.0,0.0,62336.74740297608,0.0,0.0,0.0,0.0,3847955.5281412606,0.0,0.0,0.0,0.0
149,1165.394259945409,106292.49262565859,0.0,338517.5689679232,374238.0516185339,1294500.0207912847,65379.95055864243,0.0,96812.1412113323,9647.699462637926,9725.516442906297,0.0,313715.85480608087,631.1043443928434,2101222.724552962,0.0,0.0,0.0,2724491.218994735,0.0,0.0,0.0,0.0,2643074.7887127795,9212.08779571904,0.0,0.0,0.0
150,634.2432242308788,0.0,156554.0855541388,0.0,191595.58147035234,49087.62858783052,2048044.883093055,0.0,58704.3169826387,0.0,69752.95614201005,0.0,0.0,0.0,86.10379928614489,0.0,0.0,0.0,185415.18275760495,0.0,0.0,0.0,0.0,0.0,0.0,0.0,6384.183200329234,0.0
151,0.0,0.0,0.0,0.0,175.9037356884163,0.0,5406590.939091884,0.0,0.0,0.0,0.0,0.0,0.0,0.0,0.0,0.0,0.0,0.0,0.0,0.0,0.0,0.0,0.0,0.0,0.0,0.0,0.0,0.0
152,329127.4996467774,301844446.65643007,0.0,148329908.97527274,38535054.83414919,138043391.10415992,883275.8349044214,0.0,12017549.746497147,52520697.33553737,45129923.9084238,0.0,471314.835391992,3678569.191668431,53977547.30081346,0.0,0.0,0.0,14236664.479855293,0.0,0.0,0.0,4509.513177249711,332569017.6422034,14732455.012428498,0.0,254.72994332195216,0.0
153,13504.523431469763,10692.746328708336,0.0,0.0,520622.998677628,102887.68138513109,5317019.49850816,0.0,118327.43735577266,309434.3393816489,81173.24200925553,8014.71981949566,1930.468130209756,0.0,104874.66840402904,32810.321242593,0.0,0.0,20073980.78468476,0.0,0.0,0.0,0.0,505198.0365431853,201082.13185286202,0.0,259.9187430202547,0.0
154,980083.9436130464,138656.77492087288,0.0,252496.31862721345,22096006.707342796,24778041.840753973,64768566.391543895,0.0,1417335.2228082172,2009573.4751628991,112943.93176555859,0.0,96080.62947241135,0.0,61851820.067484185,0.0,0.0,0.0,10090661.022863163,0.0,0.0,0.0,0.0,53482591.791197486,247584.58695568246,0.0,560.8502879475309,0.0
155,9633.145278262227,2559.012382483652,0.0,0.0,561657.3409435722,2479910.9251052765,16152530.206533145,0.0,185446.1814475037,22158.94315294106,1727.1829118303917,0.0,527562.5094935333,0.0,4446127.285601403,0.0,0.0,0.0,20368.266823059414,0.0,0.0,0.0,0.0,1625297.5416280448,1877.152304701172,0.0,8400.103421915825,0.0
156,83532.27226839444,1812912.7575248906,0.0,657099.830078216,18133556.459134694,14524557.326622417,23543817.187306948,0.0,1734080.3227691501,90420.64709235856,1764673.0994676726,0.0,1614702.7985294221,115004.81489788895,28698063.078609057,0.0,0.0,0.0,1216663.902667194,0.0,0.0,0.0,0.0,32206768.596738283,1696663.2053810405,0.0,46.32206756775657,0.0
157,7813.938155962408,107318.75279886344,0.0,111959.72956008637,591915.5929638868,7726312.77400224,2355833.7170150364,0.0,155470.19717220642,8304.98724601529,67311.08714551169,2500.7387747566554,147436.94029605784,244.33679020845395,2996779.1181093566,0.0,0.0,0.0,196677.37200674857,0.0,0.0,0.0,0.0,9157672.817603856,625.0984545028211,0.0,49.6962455474537,0.0
158,104731.69164382291,343202520.14858013,35789.94705990046,44138495.48316494,3701711.0773857227,34200186.12130809,149734.0994458033,4018.6646109245276,205159.82082107972,5552203.819729995,1094108.821992277,0.0,8661.016820574472,7148.468443725888,7565216.592242878,0.0,0.0,0.0,4096048.8963655834,0.0,2213.845690056183,0.0,549940.0042904054,29625670.79739096,1752510.983830244,0.0,2602.6848145897957,0.0
159,65453.24011790755,9735.622380242477,0.0,15111196.070194004,256529.98971447823,4477372.031403462,121842.38069460704,0.0,470573.1864399812,44570.86494346258,126582.18889531058,0.0,17995.340617060672,282070.4242366057,1504523.0773173135,0.0,0.0,0.0,2250594.2965832995,0.0,0.0,0.0,0.0,7095638.635691147,49925.26170977185,0.0,0.0,0.0
160,0.0,0.0,2674.382727268808,0.0,12908.996443643906,0.0,72671.71004012263,0.0,8830.298202343896,0.0,0.0,0.0,0.0,0.0,512.879793847174,0.0,0.0,0.0,5081.213891530671,0.0,0.0,0.0,0.0,0.0,0.0,0.0,855.860819437042,0.0
161,691214.5064849955,60746069.50241647,0.0,7605720.188313672,17167203.354782257,11086937.016154291,768251.4175111917,0.0,2862643.710321688,3738456.088838006,292882.9552754932,0.0,260143.73405374266,0.0,18473556.344380282,0.0,0.0,0.0,11408753.633326584,0.0,0.0,0.0,79442.32268639913,38631926.3981774,1357613.8730296362,0.0,57.491468107638894,0.0
162,5367.078306906587,26246204.983721536,0.0,1544308.4218828825,1757604.5070256863,7035235.432819343,66711.06459368837,0.0,218386.91591942465,3893069.6365633146,1345144.3101659154,0.0,12705.038234816697,0.0,3704812.806893401,0.0,0.0,0.0,4462690.936461415,0.0,0.0,0.0,15280.405167910158,67505864.70668297,189108.58595433008,0.0,0.0,0.0
163,5380.335569753979,0.0,471055.41929653444,0.0,2483787.6866898434,0.0,12386336.734653933,0.0,1271075.9125073599,0.0,4653.152452320844,16714.8612643125,0.0,0.0,9264.251153768448,0.0,55222.40744347107,0.0,211901.62273501986,0.0,0.0,0.0,0.0,10799.11463040162,0.0,0.0,13771.700622308837,0.0
164,0.0,6723147.659829448,0.0,121607.0286427601,2382207.314030711,936884.782931002,0.0,9081.41804261849,1101.7342386161024,98279.92057048921,0.0,0.0,0.0,463.11024542558835,25523698.316111937,0.0,0.0,0.0,0.0,0.0,518.5815010196277,0.0,27702.401859961323,32900.70483345965,429.6577832744141,0.0,0.0,0.0
165,0.0,39496530.95531846,0.0,2046014.8834733332,40407295.28052127,3464229.753428081,324.45647163073886,0.0,7127.2498922813575,5945360.417052846,117549.52957292105,0.0,0.0,950504.2851437273,19349470.023707464,0.0,0.0,0.0,0.0,0.0,0.0,0.0,15528.764858447146,206267.38224955663,2194.403088892253,0.0,0.0,0.0
166,0.0,0.0,0.0,0.0,1631.7852235067035,0.0,0.0,0.0,0.0,0.0,0.0,0.0,0.0,0.0,2236.0039507171105,0.0,0.0,0.0,0.0,0.0,0.0,0.0,0.0,0.0,0.0,0.0,0.0,0.0
167,0.0,207471043.26221797,113112.85227937851,146709568.95013797,32180542.9034299,10640682.468099827,8580.152508417204,0.0,35341.07776075216,14802759.94180544,411053.78844038025,0.0,0.0,3267983.9520749203,85673175.19122297,0.0,0.0,0.0,0.0,0.0,0.0,0.0,2667544.301560792,920086.8771372973,3887757.1299478784,0.0,1498.692778862655,0.0
168,0.0,32551691.13050869,1865.9058119709684,19720388.748095486,27068165.49694307,6793144.032658071,28577.218274744497,18409.69927508594,96468.35703635933,7544979.763092859,0.0,0.0,0.0,0.0,203337371.9992814,0.0,0.0,0.0,639.2186010515908,0.0,155.02564700954863,0.0,129566.52154840602,1015678.8937088214,246351.22210747525,0.0,0.0,0.0
169,0.0,60920210.82726476,2951.3127995238233,97813425.86646211,20022736.90375563,20752198.839565605,69.37465957904129,4972185.538312912,4163.195437581381,3076100.9180303677,0.0,0.0,0.0,0.0,73014131.9383012,48.76891856901042,0.0,0.0,0.0,0.0,8535.112794151091,0.0,3809601.1707175677,1429672.2487936588,6092.697190121418,0.0,0.0,0.0
170,0.0,14672200.016335368,95540.8678188768,123551861.1342769,26049557.21447136,17477530.173425436,208.1131305969811,0.0,22050.88458116298,5317098.074789203,0.0,0.0,0.0,75967.83723003881,6347894.461508203,0.0,0.0,0.0,0.0,0.0,0.0,0.0,112105.94479211004,769839.4816604715,319762.1285685755,0.0,0.0,0.0
171,-9999.0,-9999.0,-9999.0,-9999.0,-9999.0,-9999.0,-9999.0,-9999.0,-9999.0,-9999.0,-9999.0,-9999.0,-9999.0,-9999.0,-9999.0,-9999.0,-9999.0,-9999.0,-9999.0,-9999.0,-9999.0,-9999.0,-9999.0,-9999.0,-9999.0,-9999.0,-9999.0,-9999.0
172,0.0,69987410.95323107,0.0,53158763.873622134,13930445.169779891,7149061.288560184,4543.223824632765,0.0,8547.390841579212,1786532.495252551,0.0,0.0,0.0,31233.73580056689,3959773.180200897,0.0,0.0,0.0,0.0,0.0,0.0,0.0,516175.6444756689,306633.736861746,104505.59554007134,0.0,0.0,0.0
173,1158.0925371860085,165221163.82613987,3706.3647724052375,58438575.93333249,23625681.50109948,13683889.526198477,93920.13756067818,0.0,59506.0435047129,1612132.3520961904,934518.7651773937,0.0,158.42490899294708,232443.00900234713,25309253.79346157,0.0,0.0,0.0,477284.7547296132,0.0,0.0,0.0,1522555.748395734,13094043.941036513,83236.14915148134,0.0,234.72286380415704,0.0
174,0.0,0.0,0.0,558540.8087493104,43653.814989966006,85548.19940449193,993.2289202424287,0.0,33.67386400434028,373014.6872275911,0.0,0.0,0.0,0.0,1400.0201877464315,0.0,0.0,0.0,0.0,0.0,0.0,0.0,0.0,61151.331435042965,541919.8613416863,0.0,0.0,0.0
175,861142.5201663978,12216859.059907574,2917.016453316262,7141140.519840309,9777.511266404563,69292.82617819532,432687.4791980355,16164.293622642892,3701764.129030256,48668.23340521568,0.0,0.0,0.0,0.0,2911.8567084871725,36472.87298620446,0.0,0.0,56964.283103976966,0.0,0.0,0.0,0.0,24876.658080192068,3494811.3722803756,0.0,46.67568575733025,32620.33517366609
176,0.0,858.8868180280671,10858.893892466484,25428.175610376835,16167.555119350889,121490.84562880716,0.0,0.0,0.0,6186.687972807003,0.0,0.0,0.0,0.0,3043.4933510190012,0.0,0.0,0.0,0.0,0.0,11809.241453554641,0.0,0.0,1766.994933428651,0.0,0.0,0.0,0.0
177,17246.04695024682,2549218.2625231887,1093.2624141248555,162050541.62398112,13404.168124817468,52651.752770377454,287.1920634452643,7450.523688552229,208523.6650536026,5347.583052879823,0.0,0.0,0.0,0.0,322737.03963559173,10671.263530402493,0.0,0.0,9004.487699990837,0.0,0.0,0.0,0.0,205635.734005579,1172205.3648758617,0.0,0.0,0.0
178,0.0,0.0,0.0,293254.5319221703,18054.950255333963,6305.837872545935,557.3101087714604,0.0,23012.034452417538,605212.3576960634,0.0,0.0,0.0,0.0,1530.240898797743,0.0,0.0,0.0,33461.94811104051,0.0,0.0,0.0,0.0,147.26839876750577,93456.48885770867,0.0,0.0,0.0
179,0.0,13944256.127631072,10925.857734578703,20225116.463297848,12170861.77647476,13696448.096195003,565.5255865506367,0.0,2278.371012868924,2718013.62574226,0.0,0.0,0.0,17560.641511731534,14659482.505971385,0.0,0.0,0.0,0.0,0.0,281.2718648010706,0.0,30174.158314542252,456914.4527241452,1173.7141294778646,0.0,499.5362119314236,0.0
180,0.0,30069729.388048477,27362.576168730764,27396544.01636068,5292752.328934056,7811615.3483657995,135.43381601576968,0.0,613.6119183023004,4301601.980265951,0.0,0.0,0.0,8540.101980954621,7871725.263807152,0.0,0.0,0.0,0.0,0.0,0.0,0.0,151167.97550361248,513148.2852112583,28566.53098726238,0.0,0.0,0.0
181,0.0,0.0,0.0,0.0,0.0,0.0,271.25864726374425,0.0,92.69210248649692,0.0,0.0,0.0,0.0,0.0,0.0,0.0,0.0,0.0,0.0,0.0,0.0,0.0,0.0,0.0,0.0,0.0,0.0,0.0
182,0.0,1033553.199607752,11366.249295473332,37123895.594211705,3078975.2151651937,13842667.053369109,37238.951281738366,0.0,136906.2160699166,52601165.51479076,0.0,0.0,0.0,0.0,10639.124756236497,0.0,0.0,0.0,1366.4009180183334,0.0,0.0,0.0,0.0,2786978.6361497496,18462338.144383688,0.0,150.54592804079863,0.0
183,0.0,0.0,0.0,0.0,0.0,0.0,37806.94962884722,0.0,500638.20001817757,981305.9474257767,0.0,0.0,0.0,0.0,0.0,0.0,0.0,0.0,680.7250065590277,0.0,0.0,0.0,0.0,0.0,641292.8047955061,0.0,0.0,77271.15038069297
184,0.0,0.0,17332.750455221932,7301.4216442805755,31510.866773717447,393699.27898108785,0.0,0.0,0.0,2625.781359138889,0.0,0.0,0.0,0.0,3500.796328404466,0.0,0.0,0.0,0.0,0.0,913.501610053723,0.0,0.0,1332.0457322277923,1774.3098905099587,0.0,0.0,0.0
185,0.0,88957.5782796127,0.0,429156.88608277903,1389032.987068973,740979.8627735784,1263.6537642993344,0.0,3631.864207673756,300319.6147401618,0.0,0.0,0.0,0.0,3940.4354385621623,0.0,0.0,0.0,0.0,0.0,0.0,0.0,0.0,292610.26425567747,127098.15346641021,0.0,23.2154488790027,0.0
186,8552.940501380983,2065502.4946569216,0.0,116205937.16767073,48038.454815751094,833570.5476191572,1267.3367195362177,3407.675175599826,27011.77154526726,814.362125974923,0.0,0.0,0.0,0.0,273696.18306245736,16684.152389060775,0.0,0.0,5169.985451788773,0.0,0.0,0.0,0.0,638717.066990189,22474.35373832328,0.0,0.0,0.0
187,0.0,17203085.32509601,13572.456818225168,18890229.630182013,2341064.012885131,4741886.707274377,2149.2500037313366,671.6751262128907,8536.611349934356,2013216.9329056737,0.0,0.0,0.0,5349.0138360284045,5100247.132515747,1575.386039352648,0.0,0.0,2973.8304928190014,0.0,263.9815071023341,0.0,459645.7690719907,666919.6032110234,24032.818999372397,0.0,149.8384046169464,0.0
188,0.0,17862807.349063866,3959.6357165928343,23981790.914901447,19159289.75158127,32025118.554809768,1301.6280956185378,0.0,4274.835042550781,2879392.701469422,0.0,0.0,0.0,3159.332461908517,7178977.252873315,0.0,0.0,0.0,0.0,0.0,0.0,0.0,11222.718945900175,841387.4861597593,2228701.553813428,0.0,157.15161066970487,0.0
189,0.0,0.0,0.0,0.0,79.91642242500964,0.0,2641.14890960448,0.0,0.0,0.0,2237.565736274113,0.0,0.0,0.0,6473.415634817829,0.0,0.0,0.0,0.0,0.0,0.0,0.0,0.0,0.0,0.0,0.0,0.0,0.0
190,1068.1155339206211,94244625.42564194,0.0,4196099.770114561,3086462.243822874,4923231.445609576,17715.20995752098,0.0,15665.99186471077,2615427.605150247,353471.54654280096,0.0,200.70373005700236,184561.7400799081,3579247.1312262095,0.0,0.0,0.0,456820.4465492607,0.0,0.0,0.0,2223.829119514468,9627727.133632446,2228.1836145419566,0.0,0.0,22266.97347819796
191,0.0,50820397.57001323,102635.9700474446,16246024.766249256,550560.1612813134,5925578.364117458,4701.804118979746,0.0,39666.06638528863,1329116.7768533851,424.777751413725,0.0,0.0,48189.01190672502,866985.8819608522,0.0,0.0,0.0,243082.67542505686,0.0,0.0,0.0,672062.9924317334,848960.9001187123,11993.16212386673,0.0,0.0,0.0
192,0.0,0.0,0.0,0.0,0.0,0.0,0.0,0.0,0.0,0.0,0.0,0.0,0.0,0.0,0.0,0.0,0.0,0.0,0.0,0.0,0.0,0.0,0.0,0.0,0.0,0.0,0.0,0.0
193,0.0,107093544.28986007,34391.36630031608,26665651.274097346,11309475.579695942,19768625.172866203,14655.80756094941,0.0,114988.91966660874,2616291.340130788,122324.38556659143,0.0,0.0,575920.604881236,6557504.73034707,0.0,0.0,0.0,6361999.429859944,0.0,0.0,0.0,475581.22992534254,1082975.3580706138,182240.9794859126,0.0,0.0,0.0
194,572.2395871614101,0.0,0.0,0.0,772.9230262673611,218859.70930229907,8451.816642209733,0.0,1514.4437925446568,0.0,0.0,0.0,0.0,0.0,130275.50451369165,0.0,0.0,0.0,7440.0598766019975,0.0,0.0,0.0,0.0,47614.310980029375,0.0,0.0,0.0,0.0
195,0.0,38666.688988111986,0.0,0.0,18649.199622263215,39205.09259373395,522.9687726856192,0.0,0.0,165.19618073514664,0.0,0.0,0.0,0.0,21407.97597683811,0.0,0.0,0.0,0.0,0.0,0.0,0.0,0.0,23092.35668556887,0.0,0.0,0.0,0.0
196,0.0,37374052.78285063,470374.860758222,23940535.905172076,2012853.579990921,6704776.766819404,6904.048389713589,0.0,12078.794928233678,610952.8674051372,5161.495733570362,0.0,0.0,22701.497547374376,799531.6732578283,0.0,0.0,0.0,0.0,0.0,0.0,0.0,157116.11333058937,321886.2075282233,102271.87347141746,0.0,0.0,0.0
197,0.0,0.0,0.0,0.0,0.0,1202.1757791574075,123.30704743354555,0.0,0.0,801.377601205247,0.0,0.0,0.0,0.0,0.0,0.0,0.0,0.0,1140.4860625657311,0.0,0.0,0.0,0.0,5410.14640077069,0.0,0.0,0.0,0.0
198,0.0,10447716.45763386,0.0,2688378.4472961975,2422037.6855395245,4878393.874982101,51648.146203204225,0.0,10869.952852586612,276897.5923731764,2368.470974288194,0.0,0.0,5202741.639907934,1663598.3649395301,0.0,0.0,0.0,112117.75245499828,0.0,0.0,0.0,0.0,3045099.874850005,561.1625171012732,0.0,4942.059680094426,0.0
199,100687.74190261928,135731089.56167907,0.0,114038707.83110744,11026703.674585171,51647832.04250575,56058.86569112254,0.0,42798.68895198377,618392.1368576062,2943395.1141237975,0.0,2637.509747771315,4101593.3368468927,7306417.543849689,0.0,0.0,0.0,10042831.121615306,0.0,0.0,0.0,0.0,107461335.00113097,112061.01238529845,0.0,1718.9624961416382,0.0
200,0.0,77632881.27548413,6880.224813602768,9059438.796378922,16091002.997734306,18429217.94680667,2505.7670969273245,0.0,7480.188259440757,2528910.7350809043,3736.6749636009845,0.0,0.0,53003.912555177456,16646392.133484928,0.0,0.0,0.0,0.0,0.0,0.0,0.0,877800.1803523957,345507.7706095099,17381.85367404181,0.0,0.0,0.0
201,0.0,0.0,0.0,0.0,0.0,0.0,0.0,0.0,0.0,0.0,0.0,0.0,0.0,0.0,0.0,0.0,0.0,0.0,0.0,0.0,0.0,0.0,0.0,0.0,0.0,0.0,0.0,0.0
202,2174.937090256559,31048206.11813426,0.0,59035719.01004359,1534863.883130101,5987013.609549441,18566.810634824025,0.0,9482.998956524221,382752.8959005124,672439.5721196108,0.0,1579.134809056038,121145.94934787204,1909482.1029737643,0.0,0.0,0.0,3198477.4654348274,0.0,0.0,0.0,0.0,7439969.081754812,105988.47275116571,0.0,14.269283260030864,0.0
203,0.0,146386006.79084322,17405.05683526823,34296479.91243432,2992107.130295055,15847536.538312422,151.8048278061825,0.0,14256.456039575449,4410815.125195753,30919.384434986983,0.0,0.0,61562.40445635127,5481212.98718398,0.0,0.0,0.0,6081240.060254255,0.0,0.0,0.0,1464596.0398971117,950170.2419638309,301735.65442196565,0.0,0.0,0.0
204,0.0,0.0,0.0,0.0,866133.5081193474,0.0,6645.169007647232,0.0,0.0,0.0,15996.095676565394,0.0,0.0,0.0,279494.1881381508,0.0,0.0,0.0,0.0,0.0,0.0,0.0,0.0,0.0,0.0,0.0,0.0,0.0
205,0.0,20400.938177436634,0.0,3025681.988950284,633.8489832388118,5445.298415239295,2843.31814155353,0.0,23617.416278264758,100467.25214983335,0.0,0.0,0.0,0.0,2395.047949942853,0.0,0.0,0.0,417.4059042336838,0.0,42964.78883239154,0.0,0.0,2930.8423905729533,27223.48184720801,0.0,0.0,0.0
206,8786.365144164503,69217468.64876617,0.0,8883188.92445529,3479807.1774272714,10920080.246623436,83240.4059044812,0.0,148479.5494750789,1401608.1565472384,168642.31440820143,0.0,203.33184846894292,76098.44026100407,6656645.409151903,0.0,0.0,0.0,5326992.427713211,0.0,0.0,0.0,20420.9133213235,16860593.6432724,17298.72278341356,0.0,508.972673109375,9756.281077550393
207,0.0,0.0,0.0,0.0,3106.8999938028073,3769.7524343288487,0.0,0.0,0.0,220.95375338348765,0.0,0.0,0.0,0.0,690.4109752833238,0.0,0.0,0.0,1532.913484662712,0.0,0.0,0.0,0.0,0.0,0.0,0.0,0.0,0.0
208,0.0,5431183.218798926,21251.57216730353,24156109.960202876,8435889.35692119,17701895.079172026,2776.4041333271607,0.0,7521.44543013889,14047715.380976552,0.0,0.0,0.0,2291.731037912809,2483742.009604868,0.0,0.0,0.0,0.0,0.0,0.0,0.0,2439.5987711750577,2506271.86268328,937394.0709924417,0.0,1877.0617576047455,0.0
209,0.0,6554277.408142157,0.0,403086.6692985856,464404.47217176744,2679427.1307078525,0.0,0.0,260.3048272871817,748940.0998811749,0.0,0.0,0.0,15449.72792484134,74599.92813685161,0.0,0.0,0.0,0.0,0.0,0.0,0.0,0.0,128780.84281208325,2636.341169948302,0.0,0.0,0.0
210,0.0,46176.677390416095,0.0,689923.7971303643,7676.6513683919275,18954.61497744218,0.0,0.0,146.501417742079,28630.914422249785,0.0,0.0,0.0,0.0,1756.0626480017845,0.0,0.0,0.0,0.0,0.0,0.0,0.0,0.0,3870.872145230481,4000.87956443005,0.0,0.0,0.0
211,0.0,0.0,0.0,0.0,520669.85296558175,0.0,3742.516704823833,0.0,0.0,0.0,28148.906825281396,0.0,0.0,0.0,20862.421166080367,0.0,0.0,0.0,0.0,0.0,0.0,0.0,0.0,0.0,0.0,0.0,0.0,0.0
212,0.0,327179570.1131379,469265.82526903995,640954697.7909575,124026194.15234672,104968709.7115798,11874.7110179281,0.0,103971.6488804184,53790538.6183763,0.0,0.0,0.0,2088933.1687383847,20534084.70862926,0.0,0.0,0.0,0.0,0.0,0.0,0.0,45082.74963193861,14817868.107770119,6426713.568046521,0.0,2085.6050593408568,0.0
213,0.0,31247190.986502632,37586.79684731906,73234769.62008782,3801245.761016141,9083300.203014508,288273.7232526122,0.0,511712.2600009795,10871819.725068912,0.0,0.0,0.0,127797.10206050445,678047.0333491096,0.0,0.0,0.0,0.0,0.0,0.0,0.0,1784.914477881366,1108972.2081677553,1161173.9869489488,0.0,131.29598218436536,0.0
214,0.0,26622885.411221992,8831.721460323832,21770306.501665544,11275772.809008095,19824619.709517468,408.1476824952257,0.0,2788.0898665328414,5272451.001820303,0.0,0.0,0.0,1451.1552417064527,1089682.7137116415,0.0,0.0,0.0,0.0,0.0,0.0,0.0,5104.8204102670725,3140815.521296901,297747.484240673,0.0,311.3970104977817,0.0
215,0.0,33731605.4322813,2904726.370447561,302042559.00338274,12260958.415014248,16389443.679036234,159805.6862802245,0.0,523493.8288627074,11458617.636667892,0.0,0.0,0.0,526332.5641048755,2596275.7623949083,0.0,0.0,0.0,0.0,0.0,0.0,0.0,84433.43711457383,903092.3441854559,1173532.2186106264,0.0,38.85107790504437,0.0
216,0.0,0.0,0.0,0.0,0.0,0.0,149.8723543639082,0.0,0.0,0.0,0.0,0.0,0.0,0.0,24157.694722936198,0.0,0.0,0.0,0.0,0.0,0.0,0.0,0.0,0.0,0.0,0.0,0.0,0.0
217,0.0,949583.4501563956,84338892.21959446,2012.368815081501,109935.2835128793,10919411.972572578,401378.96837545483,0.0,361445.9495518904,97964159.18639396,0.0,0.0,32641.91345378006,1338151.7904654748,311087.4293068429,0.0,3293278.2578413235,1263453326.0472684,72278910.61979006,0.0,0.0,0.0,22744.232624152297,8127480.678657023,108259870.36597784,0.0,833.9632213736979,0.0
218,0.0,0.0,0.0,0.0,2043.9359161633151,0.0,0.0,0.0,0.0,0.0,0.0,0.0,0.0,0.0,1857.7781337195577,0.0,0.0,0.0,0.0,0.0,0.0,0.0,0.0,0.0,0.0,0.0,0.0,0.0
219,0.0,0.0,0.0,0.0,4111.021014774788,0.0,0.0,0.0,0.0,0.0,186.83414009946472,0.0,0.0,0.0,2429.277898432557,0.0,0.0,0.0,0.0,0.0,0.0,0.0,0.0,0.0,0.0,0.0,0.0,0.0
220,0.0,0.0,0.0,0.0,0.0,0.0,0.0,0.0,0.0,0.0,0.0,0.0,0.0,0.0,0.0,0.0,0.0,0.0,0.0,0.0,0.0,0.0,0.0,0.0,0.0,0.0,0.0,0.0
221,0.0,0.0,0.0,0.0,0.0,0.0,0.0,0.0,0.0,0.0,0.0,0.0,0.0,0.0,0.0,0.0,0.0,0.0,0.0,0.0,0.0,0.0,0.0,0.0,0.0,0.0,0.0,0.0
222,0.0,0.0,0.0,0.0,12603.485994529487,9100906.8253052,1076.7599720484727,7969932.214352736,5906.808970442468,0.0,661.4857042941925,0.0,0.0,100377.3090094869,29208.238035882725,0.0,14189045.068411855,1487410669.1747677,4340.764205880172,0.0,0.0,0.0,0.0,7844051.989258696,0.0,0.0,0.0,0.0
223,0.0,0.0,0.0,0.0,3177.789251308654,8554006.448848002,2811.392644260272,497825.7052274306,3141.0627458264375,0.0,635.4153399324846,0.0,0.0,30022.16203261225,16683.84386405213,0.0,5196734.538998893,446968717.2677789,0.0,0.0,0.0,0.0,0.0,4729770.1996630505,0.0,0.0,0.0,0.0
224,0.0,0.0,0.0,0.0,0.0,62840.35701662191,0.0,12578.801448486329,0.0,0.0,0.0,0.0,0.0,372.860414491645,279.2551324652175,0.0,637680.4702820232,22499838.012499947,0.0,0.0,0.0,0.0,0.0,16754.847130794275,0.0,0.0,0.0,0.0
225,0.0,0.0,0.0,0.0,0.0,0.0,0.0,0.0,0.0,0.0,0.0,0.0,0.0,0.0,0.0,0.0,0.0,0.0,0.0,0.0,0.0,0.0,0.0,0.0,0.0,0.0,0.0,0.0
226,-9999.0,-9999.0,-9999.0,-9999.0,-9999.0,-9999.0,-9999.0,-9999.0,-9999.0,-9999.0,-9999.0,-9999.0,-9999.0,-9999.0,-9999.0,-9999.0,-9999.0,-9999.0,-9999.0,-9999.0,-9999.0,-9999.0,-9999.0,-9999.0,-9999.0,-9999.0,-9999.0,-9999.0
227,0.0,0.0,0.0,0.0,10813.687839919165,0.0,0.0,0.0,147.9969875165895,712476.8911316225,0.0,0.0,0.0,0.0,5452.7849308947,0.0,0.0,0.0,0.0,0.0,0.0,0.0,0.0,0.0,0.0,0.0,0.0,0.0
228,0.0,0.0,0.0,0.0,110411.35746700465,0.0,18.074241329234184,0.0,291.94248748736493,195116.27269449396,1003.611140369647,0.0,0.0,0.0,1634.6427946741778,0.0,0.0,0.0,0.0,0.0,0.0,0.0,0.0,0.0,0.0,0.0,0.0,0.0
229,0.0,0.0,0.0,0.0,0.0,0.0,0.0,0.0,0.0,0.0,0.0,0.0,0.0,0.0,0.0,0.0,0.0,0.0,0.0,0.0,0.0,0.0,0.0,0.0,0.0,0.0,0.0,0.0
230,0.0,0.0,0.0,0.0,10921.951216288066,0.0,0.0,0.0,1139.6836495419982,0.0,0.0,0.0,0.0,0.0,1804.4960798106517,0.0,0.0,0.0,0.0,0.0,0.0,0.0,0.0,0.0,0.0,0.0,0.0,0.0
231,0.0,0.0,0.0,0.0,1884.0733598366671,0.0,0.0,0.0,0.0,0.0,0.0,0.0,0.0,4239.048737306586,1130.5835213102214,0.0,0.0,0.0,0.0,0.0,0.0,0.0,0.0,0.0,0.0,0.0,0.0,0.0
232,0.0,0.0,0.0,0.0,0.0,0.0,0.0,0.0,0.0,0.0,0.0,0.0,0.0,0.0,0.0,0.0,0.0,0.0,0.0,0.0,0.0,0.0,0.0,0.0,0.0,0.0,0.0,0.0
233,0.0,0.0,0.0,0.0,4556.551371781504,0.0,0.0,0.0,0.0,0.0,0.0,0.0,0.0,0.0,1423.755583623273,0.0,0.0,0.0,0.0,0.0,0.0,0.0,0.0,0.0,0.0,0.0,0.0,0.0
234,0.0,0.0,0.0,0.0,3415.279759504606,16485362.944140904,0.0,0.0,147.84101940769676,0.0,369.20725256323544,0.0,0.0,0.0,316649.9347196088,0.0,149463.27245726998,38627855.91745029,0.0,0.0,0.0,0.0,0.0,15814044.32744363,0.0,0.0,0.0,0.0
235,0.0,0.0,0.0,0.0,7383.477777378654,4704381.908481607,0.0,0.0,0.0,0.0,4627.006543140554,0.0,0.0,0.0,7079.517341943843,0.0,233770.12239476456,8558975.16822165,0.0,0.0,0.0,0.0,0.0,796126.5247055326,0.0,0.0,0.0,0.0
236,0.0,0.0,0.0,0.0,0.0,0.0,0.0,0.0,149.51956655275848,0.0,0.0,0.0,0.0,0.0,935.6328669920669,0.0,0.0,0.0,0.0,0.0,0.0,0.0,0.0,0.0,0.0,0.0,0.0,0.0
237,0.0,0.0,0.0,0.0,173.3641692223669,0.0,0.0,0.0,0.0,0.0,0.0,0.0,0.0,0.0,42226.8595623229,0.0,0.0,0.0,0.0,0.0,0.0,0.0,0.0,0.0,0.0,0.0,0.0,0.0
238,0.0,0.0,0.0,0.0,1109.246718290654,411083.1818741524,0.0,0.0,0.0,0.0,184.21188001555265,0.0,0.0,0.0,1106.1229339983001,0.0,0.0,957618.028213737,0.0,0.0,0.0,0.0,0.0,271592.65811146377,0.0,0.0,0.0,0.0
239,0.0,0.0,0.0,0.0,1039.7575418267145,0.0,0.0,0.0,0.0,0.0,0.0,0.0,0.0,0.0,3863.6388458047004,0.0,0.0,0.0,0.0,0.0,0.0,0.0,0.0,0.0,0.0,0.0,0.0,0.0
240,0.0,0.0,0.0,0.0,0.0,0.0,0.0,0.0,0.0,0.0,0.0,0.0,0.0,0.0,0.0,0.0,0.0,0.0,0.0,0.0,0.0,0.0,0.0,0.0,0.0,0.0,0.0,0.0
241,0.0,0.0,0.0,0.0,2670.874470939429,891105.7129361273,0.0,0.0,0.0,0.0,644.6804388547695,0.0,0.0,0.0,13540.791106965664,0.0,8291.472468999567,1716194.6875690701,0.0,0.0,0.0,0.0,0.0,406216.0989283882,0.0,0.0,0.0,0.0
242,0.0,0.0,0.0,0.0,808.9903232548467,979047.9460999133,0.0,0.0,0.0,0.0,89.89599017517844,0.0,0.0,0.0,1708.1940490972224,0.0,0.0,7314511.384676846,0.0,0.0,0.0,0.0,0.0,82930.5470693468,0.0,0.0,0.0,0.0
243,0.0,0.0,0.0,0.0,0.0,0.0,0.0,0.0,0.0,0.0,0.0,0.0,0.0,0.0,0.0,0.0,0.0,0.0,0.0,0.0,0.0,0.0,0.0,0.0,0.0,0.0,0.0,0.0
244,0.0,0.0,0.0,0.0,0.0,0.0,0.0,0.0,0.0,0.0,0.0,0.0,0.0,0.0,0.0,0.0,0.0,0.0,0.0,0.0,0.0,0.0,0.0,0.0,0.0,0.0,0.0,0.0
245,0.0,2515958.4464978906,20691.131549233945,121395432.57158759,0.0,0.0,218545.56254509717,8504188.433215328,1224772.4283847725,1651123.9419420215,0.0,7295.255158677229,44.33098618547454,0.0,0.0,772.5757315148536,0.0,0.0,10974805.792441675,0.0,342318111.2967235,0.0,572294.1996106679,0.0,39044.0358440024,0.0,0.0,231566.14537608591
246,0.0,0.0,0.0,0.0,2774.8849040793184,128294.11290916245,1091.3038276310524,66291.3119315305,0.0,2670.3283582395834,0.0,0.0,0.0,0.0,2776.134341029249,0.0,54462.42434899677,9319712.720910871,0.0,0.0,0.0,0.0,0.0,332359.9156192632,5918.966188912037,0.0,0.0,0.0
247,0.0,3538498.6645700494,30438.4022932181,0.0,371.6681267729432,26930.55921950944,0.0,0.0,594.5959816193576,42287.61701090321,0.0,0.0,0.0,185.80244127031494,7710.100923199328,0.0,4680.594661013238,63189.24519498525,1081244.0302321669,0.0,0.0,0.0,0.0,44486.125683137914,170925.23375867872,0.0,0.0,0.0
248,0.0,2342858.194786843,0.0,0.0,371.5290477958623,17560.832724930773,0.0,0.0,5388.190120371963,30990.565914620805,0.0,0.0,0.0,0.0,2879.664737068082,0.0,7022.6489198101135,2340.5492011744795,559273.4292530945,0.0,0.0,0.0,4683.480887200087,7022.341456728191,64383.71802637381,0.0,0.0,0.0
249,0.0,0.0,0.0,125381.76024719136,0.0,6965.353585206791,0.0,0.0,0.0,6094.757886079475,0.0,0.0,0.0,0.0,0.0,0.0,4643.118884030864,185745.2133611389,0.0,0.0,0.0,0.0,0.0,1160.8749580478395,0.0,0.0,0.0,0.0
250,0.0,0.0,0.0,0.0,0.0,0.0,0.0,0.0,0.0,0.0,0.0,0.0,0.0,0.0,0.0,0.0,0.0,0.0,0.0,0.0,0.0,0.0,0.0,0.0,0.0,0.0,0.0,0.0
251,0.0,0.0,0.0,86581.87881254601,0.0,3417.8453869871964,0.0,0.0,0.0,6148.623782289642,0.0,0.0,0.0,271.29239650282125,361.6749019780816,0.0,0.0,223308.6876717175,0.0,0.0,0.0,0.0,0.0,5696.4850957549925,0.0,0.0,0.0,0.0
252,0.0,0.0,0.0,4632.8879203117285,0.0,8108.377146834878,0.0,0.0,0.0,0.0,0.0,0.0,0.0,0.0,0.0,0.0,4632.817057753087,298847.24321838893,0.0,0.0,0.0,0.0,0.0,15058.293283075616,0.0,0.0,0.0,0.0
253,0.0,0.0,0.0,134413.53583100566,0.0,13668.990315570747,0.0,0.0,0.0,7593.788535732061,0.0,0.0,0.0,0.0,180.80256709418404,0.0,0.0,252872.8026019575,0.0,0.0,0.0,0.0,0.0,11390.684108495661,0.0,0.0,0.0,0.0
254,419.2250086682966,17110245.793295458,0.0,2224790.063023697,1503156.4413739655,1215265.3501763092,10179.74875484216,0.0,12037.166475663957,448300.4606598606,36240.32246185426,0.0,0.0,0.0,2530089.1668028855,0.0,0.0,0.0,25352.736174008307,0.0,0.0,0.0,8517.613524998842,885675.2625453777,892.2263899165221,0.0,0.0,5463.833410407263
255,2323.578389559028,0.0,0.0,0.0,1569.0741815509264,113580.06235282551,6912.6717875513605,0.0,8850.100647831116,0.0,52971.574593430996,0.0,375.05001631963734,14986.702015810908,41471.881421630984,0.0,0.0,0.0,72039.74665095341,0.0,0.0,0.0,0.0,171849.61590034663,0.0,0.0,0.0,0.0
256,0.0,0.0,0.0,0.0,64853.89695235982,0.0,53424533.3582423,0.0,76389.62668900758,0.0,0.0,0.0,542.0897089494599,0.0,1654.559244106144,0.0,0.0,0.0,0.0,0.0,0.0,0.0,0.0,0.0,0.0,0.0,77717.42607639778,0.0
257,3727680.9645536332,122695.52454718013,0.0,0.0,7767.330617191599,1244984.6443352746,0.0,2699.972922069445,0.0,23837.114591917634,0.0,14850783.833688444,0.0,0.0,145384.4180189195,0.0,0.0,0.0,58165176.11710823,0.0,0.0,0.0,0.0,1978956.4775174716,4291730.773083646,0.0,0.0,0.0
258,0.0,106190.38982902274,0.0,0.0,356.30072811173807,1847.7064920551215,9077.895991169755,0.0,52652.70894473945,11427241.499682112,0.0,4981.2933356221065,321.5573971773727,0.0,0.0,0.0,0.0,8327535.753631452,308609.7238228393,0.0,0.0,0.0,323205.3926259527,7387.459243449002,24453.984041030057,0.0,0.0,0.0
259,127510.92200672132,0.0,0.0,0.0,1452.9621705752074,216115.4228616182,140544.50293809242,0.0,52458.90623798431,2680430.020790297,6357.412772127338,0.0,0.0,0.0,23613.168782912093,0.0,0.0,0.0,7740.405084424696,0.0,0.0,0.0,0.0,379302.1970387139,473704.44077404303,0.0,3009.1325788459685,0.0
260,215186.7484012507,3851.051217042969,0.0,0.0,1015.7091131078802,12998.14361800627,2577879.045909002,0.0,297123.9965607974,13550977.2984699,2601.8877739544755,0.0,0.0,0.0,951.6660811271463,0.0,0.0,0.0,2080.8817403894795,0.0,1887.5907249499423,0.0,0.0,93941.82482369027,22487.394568327738,0.0,72301.49690457065,0.0
261,0.0,15634742.211500457,0.0,411854630.805634,16696.086840328782,4158357.298437591,5565.787118477384,0.0,1409.1592628994501,4927228.475836522,104433.23856563547,0.0,0.0,6177.421642768737,214425.40802411616,0.0,26811.637458839632,644807902.5186956,1224146.9068489368,0.0,0.0,0.0,13598234.211992837,11425769.65268529,12095016.562776923,0.0,319.98498734331594,0.0
262,0.0,0.0,0.0,8845.782929321182,5506.2886885788,75186.94107338853,664.0382041089891,0.0,1975.6805825910978,0.0,404.8077127322049,0.0,162.0321105841532,0.0,20571.602051124977,0.0,0.0,0.0,4795.290066401549,0.0,0.0,0.0,0.0,105535.03026821357,0.0,0.0,0.0,0.0
263,5194.13291367636,0.0,0.0,19474.69017792564,18342.638047927278,169782.57983154195,7870.647673412568,0.0,38022.91973866059,499.4482367507717,3434.9997331780482,0.0,4493.439939783951,3511.084455314912,50208.330601075664,0.0,0.0,0.0,13859.896560425203,0.0,0.0,0.0,0.0,157633.11907552838,9740.666718150318,0.0,0.0,0.0
264,0.0,16746330.462572414,11193.30141285132,5069928.396222367,28163.18457845462,77582.44443091829,1067.1634576897666,0.0,1244.323339444879,305025.87863637815,12299.792899464459,0.0,0.0,0.0,54156.87910245564,0.0,0.0,188733.45694746057,596.6694542061518,0.0,0.0,0.0,573941.1305888811,66326.94515465332,609588.4618046008,0.0,0.0,0.0
