,2001,2002,2003,2004,2005,2006,2007,2008,2009,2010,2011,2012,2013,2014,2015,2016,2017,2018,Country
0,5319092533.610495,5317284529.081872,5244030438.912303,5286413165.769185,5203222279.412565,5248934495.748796,5238403923.242599,5153203283.677969,5259241369.940616,5131003446.139277,5270840169.546036,5183878195.578393,5186572459.017291,5212874441.570862,5215660691.0002165,5240326241.377156,5291443119.787261,5220494039.574641,Mozambique
1,510323.5025285624,510456.97799076815,516794.5830007016,516972.761145469,516080.4513269452,516570.8635211812,516079.9965490514,515142.9618093386,516081.2820007458,517375.0463190654,519784.99789687776,519963.3215633205,520007.39807258174,563467.4496585345,562351.7613312865,564938.1052744458,565116.6956027136,565339.5739377671,Mauritius
2,369486679.3487223,368769190.6406948,364084738.1518845,371283717.9356622,364550358.2139136,373220703.0110404,371801265.3632487,370827179.3412811,377019915.1747954,365480771.019877,372369410.62176585,366550229.79672056,371302861.32574177,372122289.9101408,370964538.5959604,370339927.5705547,379311978.10301846,376592319.1276783,Malawi
3,33958722.23403639,35400022.285330564,35597300.762841105,35820086.68589047,35636608.476350985,35776562.152272284,35791796.735319845,35797979.82575349,36041577.32968808,35911065.56609449,35951791.91735084,35809153.25025718,35775314.72335685,35577262.1911139,35669020.43540482,36116646.69328381,36219559.86876479,36508102.45093737,Rwanda
4,2002797541.12204,2001607623.216957,2001011223.6778471,2002578978.178729,2001522128.921314,2001199242.633884,2000406735.0375888,1998493568.4642444,1997749774.033528,1995705850.5760863,1995553195.2988317,1995745490.0576124,1996086158.9823751,1997245710.834839,1997153308.0537064,2000468321.790449,2000672824.2773995,2002978380.5826333,Somalia
5,6322663135.42518,6292054777.785539,6118931037.170511,6151645958.229099,6085512566.890546,6258561904.613299,6212734184.739336,6159218114.81672,6345289333.524167,6150540246.933354,6204418297.02326,6179981734.94403,6171390650.034774,6197602666.459854,6110494468.307739,6156733848.542661,6208076900.996417,6226894491.566745,Zambia
6,1736639230.9001234,1737146249.6520128,1733244978.8445904,1740980963.352814,1738158688.5743396,1741414739.6645198,1735637282.87277,1736032347.136464,1740005498.203302,1737593824.1369808,1740191731.402223,1739410848.2271855,1739347843.0739822,1739272431.629387,1737449269.3961854,1748283261.349533,1751461686.6358345,1756511763.0483365,Kenya
7,4027026051.6483903,4040018035.0354304,4032783352.600936,4045031532.0778656,4023795441.3575583,4035849459.965194,4032790184.753615,4046068228.6781096,4032197723.622083,4009406395.8152986,4013759225.9654174,4011253260.49014,4000204293.548608,4009911657.130329,3997263461.983025,3991228474.045198,4001255756.796684,4002917197.447912,Madagascar
8,4926084484.273911,4373047179.929496,4260241200.723151,4314002677.998733,4186213355.205702,4522263984.875988,4361813014.255189,4311267097.192625,4345090615.678184,4462650733.165944,4330407961.277282,4418709780.604013,4422065674.74674,4337745176.656075,4489211972.6949005,4299291679.246804,4367012653.958975,4310010248.428985,South Sudan
9,384707.61146028514,385038.9332291657,386463.65215408045,386463.65215408045,386463.65215408045,386463.65215408045,386463.65215408045,386463.65215408045,386463.65215408045,324976.0196041993,322108.766502141,314264.98997189075,322800.75478314643,321375.7230789127,321375.7230789127,321375.7230789127,321422.58662939724,321375.7230789127,Seychelles
10,741394.5110014493,744424.7444149684,745715.1212334493,745715.1212334493,745496.1911968767,745058.3746421599,745715.1212334493,744401.584532442,745277.2937988541,601186.7673027649,655813.7690224306,588697.2556504182,575539.9870631023,598104.7854004293,612368.1352946871,586844.5793362411,608847.4501061937,623127.4944577531,French Southern and Antarctic Lands (Fr.)
11,4742558387.600791,4796911259.958245,4637401921.351644,4684158872.495693,4603109726.193794,4758511674.4873,4734944210.396955,4731221472.055675,4695058241.460685,4677671997.740251,4720067395.171672,4692116371.469079,4753548464.593365,4790500880.947676,4726348117.570613,4791067423.035371,4825144545.736696,4891057744.97389,Tanzania
12,1127363241.326784,1101381692.876595,1051483863.8072554,1091922573.3784544,1017605152.8310702,1166906814.2078469,1064217212.7247194,1090169229.3339014,1135376618.347669,1091940167.6693246,1147579335.3483782,1105938282.427602,1125876854.7956443,1135388869.838906,1129570745.2343967,1101016215.9530363,1122898838.9695995,1154542491.0299733,Uganda
13,1384143555.5055778,1387296757.6726658,1384524164.1530564,1371209037.3533063,1372700475.839904,1382700065.917534,1368112667.5779226,1363345594.3794632,1371182488.4794164,1366507695.634756,1364173488.9456575,1370506883.902999,1385658292.889522,1385981669.0895965,1371207804.8671274,1397042870.5866842,1402118633.8910148,1400149018.965588,Zimbabwe
14,3899210669.920069,3847391454.842695,3866258787.410296,3877316657.806485,3857808252.290606,3904385421.458055,3884354019.9690022,3917217921.237857,3914959514.134281,3914467050.264176,3915892696.694044,3906373825.7527943,3917998573.133446,3939363526.5054936,3919948573.0019736,3932389892.358273,3956044847.476152,3973615655.543504,Ethiopia
15,133447123.92884187,133443836.26471277,133429091.30321336,134061996.41408464,134124834.52238284,134115201.73469828,134187733.21840836,134094697.5316704,134176175.57924612,131079792.06041752,131030631.14094932,131134107.05308308,131263161.43198957,131435560.39938076,131404190.8903632,131329029.37441228,131395840.42544007,132237357.85621916,Eritrea
16,10416287.707131062,10404311.32705266,10404888.465041656,10416940.668916555,10417551.197737653,10421300.028148243,10421454.493993014,10423948.383378273,10426830.528616186,10407212.241040671,10406175.160692938,10405244.15390295,10404245.685724484,10406022.86965372,10405407.780977145,10410334.27278762,10415370.755104825,10474833.888127668,Djibouti
17,16770485.150343977,16910173.046782516,16964378.75328971,17018656.98297539,16493601.52775312,16917749.995546073,16929672.43330228,16864116.827725552,16937296.500619236,16756165.65459333,16723057.900833491,16683821.04972768,16638895.544867313,16535112.909316497,16496197.954113863,16423264.452387348,16487006.064250682,16376463.46236754,Comoros
18,7825.596313970133,7825.596313970133,7825.596313970133,7825.596313970133,7825.596313970133,7825.596313970133,7825.596313970133,7825.596313970133,7825.596313970133,7825.596313970133,7825.596313970133,7825.596313970133,7825.596313970133,7825.596313970133,7825.596313970133,7825.596313970133,7825.596313970133,7825.596313970133,British Indian Ocean Territory (U.K.)
19,37183342.140313454,37172025.83238946,37421313.319124766,37658144.18758094,37633121.19215409,37506798.68091133,37718800.464148,37611700.88548496,37709896.36422051,37510190.77533785,37549074.24242991,37418211.02679391,37300066.72831319,37306478.702414416,37351951.49952901,37463396.86959758,37774981.16093805,37735548.90469039,Burundi
20,3770838473.0327296,4675011656.144103,4779341264.568423,4768071556.062174,4779131354.867217,4780003523.29905,4780016700.307562,4784163166.077443,4778644460.611331,4770131664.867217,4772747011.001125,4750092921.563817,4777933543.380774,4775203157.498299,4778427353.810758,4780126539.919028,4781227343.942179,4786425382.902864,Gabon
21,429356224.804475,473861787.2855221,483204284.1275617,484897694.88642347,486709520.7090568,487822818.6539045,487537867.56528926,482612586.62209535,482203141.9586801,477485008.770947,480237742.58488864,475815158.3505446,482032086.1111744,482356185.9328639,485854696.2474319,487809665.3053423,483610845.2489684,483512482.39439225,Equatorial Guinea
22,1720183335.3411305,1686432638.1888542,1660990958.4147887,1667957006.7255805,1691821758.6378348,1671874579.996468,1661853379.7044406,1691972294.6508598,1710433122.4136796,1685439852.6360595,1694625067.8261805,1670248138.840011,1698803814.393432,1708392822.4563217,1704621745.9139402,1668006605.6955354,1697698705.3569422,1702952687.4913452,Chad
23,10828892.60936994,9803128.453520397,14975462.833821593,12823373.206505304,15125548.980955811,15812556.036560165,13755354.153753567,15103079.528400004,14099170.12656856,15042661.503964588,13129701.220448509,10867362.15945909,13908571.414596103,12451428.594864689,13958065.763772843,12848405.941835215,12840868.972003924,12925724.375242628,São Tomé and Príncipe
24,5197880094.101593,5403434273.393028,5447523450.603427,5458422352.573976,5445146878.664405,5446103332.363612,5465937124.639411,5491029439.494573,5488004918.499656,5454271822.39428,5440112301.549556,5430543139.406021,5448531785.116963,5473321504.11182,5452488773.508439,5454458283.421085,5453914577.024336,5456306415.906353,Congo
25,35246223386.36484,35056837049.889465,34857304503.29039,34724444493.199745,34777920087.98541,34710428805.77198,35068778381.967415,34926933352.475815,34943565552.87422,34794944776.62747,34917852710.38459,35022184295.323845,34909785083.580986,34947809979.121,34867179806.90283,34876139819.45947,34758648147.54924,34890588491.309135,Democratic Republic of Congo
26,6334077426.973332,6297776133.508152,6200154886.233229,6368548856.280361,6229309158.667764,6352116272.253398,6381400850.629036,6344218381.909502,6376206856.236882,6352640957.397701,6402002156.710988,6421098439.4584255,6428342910.4867525,6446498742.229468,6474704558.078537,6436938413.641323,6451646003.915554,6459817940.238431,Cameroon
27,7938441234.759694,7670277347.134921,7159269559.293172,7513059736.231669,7367139984.189523,7381911341.806653,7359095583.498465,7283892006.52412,7682593120.370097,7486448316.220493,7407785256.001446,7686473804.300576,7618201589.488543,7689243108.204371,7654283388.883642,7490347271.508143,7657148215.568062,7615129437.310777,Central African Republic
28,11210764610.304068,11127714000.11758,10903257770.466824,10917367438.74331,10922786107.369738,10951835811.37181,10971820106.855995,10998399313.786654,10974122482.396902,10929043109.669456,10926578552.948263,11017454391.17378,11039798706.588614,11066219204.872265,10999100239.306305,10997390585.622229,10855627955.875648,11234279260.777687,Angola
29,286720587.8683035,286833381.4623385,286470188.52879804,286861202.0950728,286660267.4951285,286686355.99843913,287078642.89507264,287395035.8621762,288103802.474201,288107320.3813308,288148955.06947595,287973481.06851834,288072880.3015578,288260875.48281807,288239582.0926315,288649508.54311806,288632158.8929497,289099496.5932444,Morocco
30,195779528.9712633,195757136.7035549,195753518.4539736,195739444.3070099,195429728.317432,195373705.4345512,195343984.90782052,195334869.2010669,195304701.79903945,195198218.65114516,195183779.53009567,195193440.27640116,195024639.75945213,195160132.7095101,195150558.98478404,195165809.95082065,195119129.81352267,195184025.6335712,Libya
31,1887307061.7592523,1865500181.9373329,1858549249.0434892,1863525611.8554456,1865762516.448776,1877860053.0061169,1872782124.5344112,1876255311.36561,1886825164.1334496,1895325019.4473972,1884231208.60088,1885162235.8770225,1889518436.018952,1901802835.7450683,1907191957.7016768,1890284098.5928288,1897738744.2519803,1910957641.695204,Sudan
32,63683759.09083734,63712887.2792945,63687859.95172356,64080904.2721928,64054823.6503131,64144063.55226423,64247960.00065583,65063267.855208,65265446.13587175,65036195.51016854,65102143.90654822,65189930.19084952,65078018.80920373,65068159.45362462,65236816.629017904,65401261.93716519,65237101.771326415,65728960.83647549,Tunisia
33,202086366.6107696,201911574.3610693,201835977.78648144,201852511.56370607,201739676.6732718,201668585.31981024,201710459.5190675,201470567.71648213,201477176.59294903,200887822.19791868,200877435.23992243,200862683.57242975,200815854.06183925,200616935.37364835,200556827.89311635,200474794.82952857,200405546.13654736,200454500.01130855,Arab Republic of Egypt
34,490650008.8068956,490356321.4951212,489181503.9279751,489356129.0662288,488398396.5247648,489702885.22339183,487706553.6394285,491247645.0218702,493387928.9913725,494105943.5252046,493619061.0785617,491094636.6407642,494353378.0680777,493358958.9987008,493926177.8836548,494465384.0761699,492584912.7764656,495397453.4307591,Algeria
35,1307724569.417133,1304107708.0300467,1301166375.4290652,1303866742.9038138,1311245650.4445264,1312473716.3763075,1308838514.8789048,1312250342.845904,1314691388.8380775,1311893681.4335666,1304612234.0178297,1301051859.8282,1312658518.8005476,1315641642.6448205,1318890633.6223269,1315480258.024582,1318782717.0786302,1326371987.1358316,Namibia
36,57524619.18365704,56203650.60065725,55532660.34569927,54593973.82282505,54383461.77542151,55035353.50431752,53439407.383494034,53938900.63005628,54321998.05271415,53593980.05896482,53670061.08220473,53829523.32262724,53488003.45578675,53654985.31518296,54169190.780517474,54385210.69480783,54193553.08369302,54228289.64300565,Swaziland
37,44764814.378145866,44756654.82404663,44738677.57937437,44718610.82599243,44704399.50649403,44709321.38885951,44671783.47336683,44686203.70332881,44675513.50809664,44660953.82475633,44644146.01999498,44642370.42349432,44603758.17134816,44569250.07368712,44569653.27201847,44505054.06526095,44534425.76989351,44678811.08683671,Lesotho
38,3927566139.6489496,3922450426.7495794,3918271756.090253,3913821050.818148,3907050676.720493,3909461127.907998,3902379563.5998497,3901184575.085973,3899277606.1070137,3895653401.269732,3896345374.724601,3893626704.521935,3891513077.096808,3887082550.087832,3889454446.711158,3890297545.27218,3886258468.91224,3881700918.229574,South Africa
39,2474890617.870087,2479354028.0158443,2484359442.0862784,2485566408.5870285,2487862755.196369,2483331119.8055663,2486432377.89378,2476779381.160373,2489967982.592552,2477460245.7064605,2467584492.004941,2481651318.7713523,2481850081.9348373,2486594495.879799,2487816301.503186,2488756263.2128377,2484472879.750774,2491520130.1078568,Botswana
40,9189.378885673708,9189.378885673708,9189.378885673708,9189.378885673708,9189.378885673708,9189.378885673708,9189.378885673708,9189.378885673708,9189.378885673708,9189.378885673708,9189.378885673708,9189.378885673708,9189.378885673708,9189.378885673708,9189.378885673708,9189.378885673708,9189.378885673708,9189.378885673708,"Saint Helena, Ascension and Tristan da Cunha (U.K.)"
41,442052090.7029585,422805828.3445609,424588340.7598224,440870590.0470677,412691543.7152517,430280716.0814568,438253326.85154206,432634605.8513398,432025505.08198273,432397196.2244063,416610947.41243935,435638517.8864524,436460048.9518643,441436489.1020851,430082899.4498515,433075412.0847552,436318277.7535761,451133723.50956553,Togo
42,550358825.9362894,546837214.5246756,537442982.2353294,536482616.657489,533465152.90409946,532825187.34220415,523227610.0376646,541551168.1486676,552352733.6698387,538372355.229672,538505522.7875875,532666364.3779466,530270767.2794777,540559146.232121,534243882.4011833,521599483.1726301,532198086.4986169,539108339.6899366,Sierra Leone
43,765173735.5395255,750788231.4743956,809828381.8583608,770929726.9945966,771212175.1076703,761186106.7162685,781985476.2097213,780171326.1472434,783493293.4004053,776417773.7751207,765686922.0727738,788474752.2226532,775512820.5479679,763068335.9836222,796553487.1006951,765213439.4087774,768187171.3216344,783302546.2107216,Senegal
44,4632592870.652724,4557183287.223295,4500698194.307021,4678178848.184362,4488899678.412378,4640760765.957235,4652230007.158384,4622363074.395026,4681154914.869247,4558617030.805702,4620406495.199178,4607574001.914219,4571051426.828534,4602228750.784255,4591995756.68012,4538726993.013645,4636973369.786092,4718738524.115678,Nigeria
45,396861191.4608021,395790497.03134793,396349950.11150086,396754207.1204824,396864758.5427293,396769836.1783817,396752460.9387488,396680281.9739573,396620343.133283,396723240.6717919,396964882.6107186,397287651.7752739,397361474.4984868,397603782.8634875,397604183.25052506,398208500.079404,398646251.2151988,401845973.81061566,Niger
46,233115662.17265123,232997472.9814866,233139541.47772604,233602416.4803844,233454644.28183123,232999632.8968838,232986192.16904607,233086163.555804,232569240.16758105,231702204.3644448,230584771.2871197,230701042.5896653,230693396.39679912,230797719.90932825,230797114.4420116,230958014.71054745,230907575.65655607,231049227.46318147,Mauritania
47,1227841876.82484,1209633842.022725,1222500967.972175,1212932653.750567,1205298884.2371173,1214198098.783394,1222373469.556551,1213957103.1490543,1222403545.3830547,1222766210.7062385,1217808911.6878054,1229156941.2625473,1224757442.717684,1220359670.8783042,1235478103.3295934,1204820393.551699,1228240890.9787836,1242241544.9922028,Mali
48,1090798908.318612,1106375275.7780852,1108365303.4936452,1083334504.893411,1083063193.3579102,1080960615.6972456,1082138190.1169782,1082694355.1979828,1072916302.1281072,1076940138.8065238,1073162451.3481722,1075919125.076313,1076148209.97362,1067663171.1313103,1056203895.4372298,1073770707.000886,1073348810.7885607,1076237232.959551,Liberia
49,351627451.1964936,346790850.35401803,348517800.9189351,354694714.9310097,359665551.43959033,349537060.0187257,354147554.2870709,368685460.73231816,365577701.9306726,358292858.02434343,361419943.4619108,347998582.20034224,359544312.641174,352016093.1286382,347983922.91711366,357734616.7534865,355341507.1352189,350940228.1381805,Guinea-Bissau
50,42017195.88610459,41776172.34698375,43248638.17864161,43236769.06742182,42962876.59152189,42803342.75597006,43337493.6150118,44074738.83498902,43780412.84202332,41048306.269182496,40942203.45685461,42317279.41114566,42268864.94070909,42601161.512454696,42529135.91053201,42213094.301958784,42108775.27248097,42567989.70016699,The Gambia
51,2746394569.2423778,2653196556.908892,2695580917.242581,2743451591.840315,2672659111.977578,2698197982.452043,2728420604.934324,2691002938.7103744,2720721280.696858,2727827186.5689974,2710227891.934801,2663183518.5292606,2681412921.487703,2709779780.5700083,2753557451.390892,2591977815.304478,2692957829.4632225,2775510642.484919,Guinea
52,1533146585.480181,1454693198.9423113,1419466763.923718,1534161894.5446875,1415019334.4134758,1446132624.8861828,1482270213.323437,1496575669.2685616,1521414466.8579946,1519644163.420153,1445881363.6525226,1511363353.9339042,1471648310.3262014,1497148173.7581463,1479066801.334735,1513637021.8219335,1513544730.9633949,1550905008.725527,Ghana
53,237119.8916112632,236936.36044914144,236881.68407153245,236863.44615404212,236836.8029027308,236535.7506639097,235879.50912030708,235241.25992428837,235340.82553511488,234886.0931045808,234422.2260764564,234184.82958840957,234184.79134740107,234093.7904898052,234048.29747562337,233791.34446733043,233791.34446733043,233600.277286266,Cape Verde
54,2492222436.509558,2355037808.6274004,2365609052.996741,2489113397.923736,2348126628.9872527,2378052139.819764,2391889152.176105,2414555060.54938,2421911453.104158,2423106879.475817,2397356978.879162,2413651291.751935,2381690068.498693,2466049437.7394323,2457079764.654444,2410220087.581776,2465474812.522683,2487480707.811881,Côte d'Ivoire
55,507515020.8815018,490882295.32787335,493226945.6588749,492207555.1594952,487866367.83270407,488711755.1436564,487983435.0566049,489144469.680674,488365338.4459289,484670066.83043855,486303900.26491815,487224597.3576888,486893591.9906215,490822023.2997395,493709746.5805171,487023077.7852419,490308125.5762373,498255642.7108467,Burkina Faso
56,815710328.617162,750696862.2596714,776327539.8158965,799763300.3240205,745548737.1505835,780400711.5570602,781132966.9634005,806357503.4182241,798755190.7640535,808690025.9821032,797330691.4082984,802659252.0929728,798392977.8398145,816583284.4867779,813272567.3956057,816602489.7924987,835490427.8039273,851577140.4444543,Benin
57,10830940.092713952,12013166.639147889,12244205.818837743,12301438.140186887,12305590.975201575,12306127.83177878,12252977.942025809,12295436.954117404,12272974.153131437,12304499.119934646,12223317.389427235,12280980.08797723,12066811.453695957,12185747.896437634,12238943.058065675,11996381.078918934,12175710.916775716,12038734.837596295,Dominica
58,431386195.5389952,432887893.733444,435762709.8335508,440687842.9776703,440387354.6429043,442023862.5020184,444116458.67599416,446328502.8434698,448048259.10550165,447351723.3653566,446569341.0888183,446543556.8878436,446243912.33955055,445137863.5581589,444525255.38274825,445185169.4600894,445164419.1903191,445050249.3643621,Dominican Republic
59,2169280.60693506,2188671.5243299142,2205795.0368252834,2204553.3252455927,2194183.810133231,2187289.892256888,2191466.8699684218,2191370.3181142947,2186691.867794128,1919631.921624632,2104027.5114816623,2009467.9716110397,2050556.5546993292,2051438.435560177,2051346.0354872253,2037646.066180509,2036321.0872682703,2039898.933980568,Cayman Islands (U.K.)
60,2835321.0428814213,2848085.657534282,2883179.228323617,2908748.9064841988,2904103.6678245184,2898744.079358817,2908458.191724539,2908045.796218979,2923579.7038587225,2881003.284253714,2870063.6191632897,2855456.5340481843,2886339.316038866,2689098.4930184837,2690116.9672874524,2684352.344765738,2686815.108926925,2636134.2558314046,Antigua and Barbuda
61,821044227.7688403,820553001.3384651,823247316.852498,820245503.7106487,818673508.2681204,818965372.274071,822391574.9272456,823254386.7669214,820514639.1583018,807182429.9249452,806503792.284218,807971180.2880527,809664187.3714335,809784473.7960681,808256034.4123015,809053215.5523192,807349218.080657,808227429.6644338,Cuba
62,4347230.810289288,4925641.499223902,5080695.059638564,5078317.581053136,5077711.250785674,5070063.679876534,5068890.02542783,5068143.186445014,5056319.528235851,5068764.910304654,5053400.362294927,5054424.120709726,5061476.908469053,5054230.774806216,5057816.634151792,5053050.020809289,5030025.7314876765,5058713.171991893,Grenada
63,149898366.4065833,152181326.5567261,153104245.75045136,152722821.59567416,152417274.3534936,152268134.53240663,152194051.9255786,152075171.33246437,151742244.94144014,150923801.78352055,150932315.9770748,150545068.58372173,150241635.82793137,149068447.51018253,148985022.5690236,148882692.3636588,148739812.48470536,148513143.0855711,Jamaica
64,2446439.4120387915,2728829.159399743,2731206.549152338,2731759.060743233,2725359.638173766,2726494.066062176,2728764.311294319,2726332.0828820905,2727439.183037636,2711486.73559194,2713176.405836894,2703655.3100557607,2688586.2357975184,2650181.71961726,2647186.872767311,2649528.0870949216,2640111.4703984167,2637481.346367661,Saint Kitts and Nevis
65,1028846.966279556,1111147.1976548834,1168392.8627657678,1166616.099717598,1168484.519329643,1153166.0404010764,1164266.8532903695,1156124.4686168726,1130462.838056739,1101505.3333213043,1160415.412790068,1138170.9280808177,1152752.008792857,1160743.6937650535,1161808.2859063172,1149578.9855978242,1157074.1765597712,1164294.638494405,Montserrat (U.K.)
66,4460404.529053134,4449622.612770317,4462389.893022288,4467484.153768012,4456129.793436199,4456686.903308863,4452725.39873983,4435016.243804395,4418823.415858417,4317170.739571179,4235638.329899533,4257102.501002638,4320224.813571918,4294690.71084102,4277676.042966008,4282337.427490938,4264167.636642773,4293948.215767157,Turks and Caicos Islands (U.K.)
67,76010628.02962172,75940225.58477917,76544105.67897634,76523019.57749644,76434943.90564637,76408811.74806619,76183267.45883326,76208156.54164866,76064846.31713562,75415930.79958153,75673240.8160191,75566612.43690275,75768279.94237475,75503305.46573676,75474868.52195115,75146986.94537559,75124292.28349534,75082871.08086644,Trinidad and Tobago
68,105915305.36558115,105769715.71850882,106381074.7532826,105849554.87715346,106818198.5347876,107057763.79789484,107162017.85842934,106023049.7978797,106860195.74073853,102553015.13850376,100541281.53682074,99475775.67082758,101066714.31213826,102615502.1417344,102208653.7370644,101334930.46108492,99366044.95619752,102088325.82197692,The Bahamas
69,8774931.263319831,8886009.680692084,8902580.268249951,8901398.29915145,8900216.910719031,8890740.476758497,8869451.835482068,8896625.995232277,8886035.715757562,8891370.131765613,8869594.470507428,8856899.17910488,8866329.726373168,8857263.442450022,8855446.715937983,8846259.22055525,8846259.22055525,8846259.22055525,Saint Lucia
70,947.5291704446374,947.5291704446374,947.5291704446374,947.5291704446374,947.5291704446374,947.5291704446374,947.5291704446374,947.5291704446374,947.5291704446374,0.0,0.0,0.0,0.0,0.0,0.0,0.0,0.0,0.0,Navassa Island (U.S.)
71,1131211.4608687875,1122114.0741409317,1126059.445435893,1122648.9114446442,1113517.4539241355,1103176.1892731823,1112271.44395767,1107155.5891844544,1103744.2840177326,1071093.7428767127,1048423.4294691376,1027126.149359126,1024298.095470006,1012858.056649446,992103.0526171305,994378.0294714844,992103.0526171305,994378.0294714844,British Virgin Islands (U.K.)
72,1582668.393312736,1574227.2676128848,1573060.8666935624,1570645.597343448,1567304.1412223105,1555335.992577438,1547718.0141090867,1541220.2014356577,1534315.2711388625,1525439.934332344,1512520.7789640487,1509243.1312184157,1508482.778824037,1498153.8647105957,1488852.5396065663,1488852.5396065663,1488232.2673182194,1488232.2673182194,Barbados
73,195094.29699142216,195094.29699142216,194525.3036584726,194525.3036584726,194525.3036584726,194525.3036584726,194525.3036584726,194525.3036584726,194525.3036584726,193243.00569298156,190985.1074614496,183883.07619868676,190966.22041448535,190930.08540715027,190930.08540715027,190930.08540715027,190930.08540715027,190930.08540715027,Anguilla (U.K.)
74,146081596.9755744,146277987.24674448,146268543.47307765,146249392.72736517,145823511.10147727,145425306.1612209,145501178.79636422,145088767.15008515,144869225.4801708,143660499.95281333,143608836.94284326,142926198.0617233,142848464.45283797,141705010.50526804,141605257.4742635,141260813.3972491,140986051.65556264,140852687.22499102,Haiti
75,112829185.59582788,113764157.85019656,115352053.3715242,115774041.71748036,115933783.05431063,116200188.84357011,116506646.02101476,116892957.93143328,116914773.41459602,116587985.61132726,116436288.55163129,116315435.90854846,116126941.3728326,115306605.08121008,114961535.55628306,114920520.41318066,114831589.97032791,114764148.07600483,Puerto Rico (U.S.)
76,2695199.618702,2702389.6158744665,2740422.00537753,2752137.566757708,2741589.189533537,2721581.448704662,2729928.793653693,2723297.203752805,2719789.7525221948,2688816.844383376,2688242.262629949,2646696.2969350293,2645869.775781001,2627889.336683388,2625009.515524648,2618913.916208326,2615217.8744717613,2608922.453819923,United States Virgin Islands (U.S.)
77,651114.2862969931,651114.2862969931,651114.2862969931,651114.2862969931,651114.2862969931,650622.6614748021,650622.6614748021,649602.1360294523,648015.6707315068,642188.2719219634,638940.7745488641,635712.4893991782,625163.5594888423,598463.556302838,593007.8395750215,593007.8395750215,564573.6726892893,558284.0185015658,Aruba (Neth.)
78,754376943.0920646,839495075.7643008,891590363.0304158,884176555.2195436,892964453.0815172,869656184.3435204,890612955.6627004,894350910.5218854,857347854.5905172,778103546.8562897,802724287.5990682,784052536.3113168,801052221.8402152,793042268.0103147,794612664.4222,804510742.2142618,819509678.3992978,805329760.6264485,Panama
79,201924180.6740929,202456911.4400065,203366662.3817792,204811856.8696428,204717754.12571827,204629673.93751556,204936385.13869157,205058530.40821415,205402470.3697936,205156068.32264024,205191436.736666,205121822.06441057,204316576.69099143,205172105.89170265,204294920.1989951,205221466.5738981,204165413.90447223,204541315.16920897,El Salvador
80,1488823107.207075,1502123561.620174,1488052934.3211703,1493521227.7093246,1482934593.8662856,1490097720.3702855,1486940968.0004463,1485156293.802366,1486124543.7366834,1478770821.4540908,1480656877.451443,1482340380.812107,1479023451.1697967,1479559421.153343,1484004010.3990536,1478553420.1756566,1481696989.425027,1476833008.129043,Nicaragua
81,12697859399.276451,12667406802.00927,12626811845.333609,12686991335.649658,12631192325.74271,12652926163.45826,12653226872.174126,12633242042.701277,12632691495.137585,12421747537.897615,12341682922.302813,12380808912.648542,12373174860.02036,12414745338.486343,12399444063.220943,12393817794.218906,12372767154.037476,12388586036.241917,Mexico
82,1357461790.5963397,1358185439.6398585,1331123329.9428694,1362795494.7483132,1338444456.4142888,1355091984.0171993,1355788645.763924,1353398505.7449417,1349749153.484058,1350168463.9556942,1336129384.6148014,1351014336.2254522,1342041412.7326653,1338251380.0740702,1344680203.397535,1334198192.3895285,1336361732.862187,1328611934.8375216,Honduras
83,1192551044.2180796,1186300170.200698,1158936968.7175395,1175971476.0787177,1160217901.8206978,1169107497.9036608,1162761070.9764266,1165111403.042832,1158008408.393507,1161380527.2261314,1161280550.801809,1161213461.2814963,1157170776.416644,1162177040.50044,1158340038.409292,1154896426.0108972,1155582051.5736458,1158690430.8764386,Guatemala
84,623707339.9005897,630234292.3589694,645912866.1589012,645862987.9188268,646747785.306251,650364390.2277738,653977540.5217209,655310522.6363412,649429828.9968809,644936941.1376457,653998432.1039677,657948063.6101085,658011422.194309,664878731.4252228,656457691.5577143,660583698.0273314,667776253.5400914,663183859.8978206,Costa Rica
85,0.0,0.0,0.0,0.0,0.0,0.0,0.0,0.0,0.0,0.0,0.0,0.0,0.0,0.0,0.0,0.0,0.0,0.0,Clipperton Island (Fr.)
86,294826201.8821438,294091345.7435937,290359488.26598525,293976662.6367567,291932573.99994355,292442613.66207314,290897495.27496666,290767424.0243625,290866300.8257113,288534456.80407554,284370334.6130219,288466215.2713388,286545472.6503047,288276931.8042733,287647243.4707308,286934418.9645128,286217325.3947607,286343499.73928225,Belize
87,26925609307.28463,26869197085.164883,26847691107.05232,26856070571.385525,26839860104.897144,26857671000.881893,26812846986.729557,26812632232.946327,26760508663.23193,26697077038.472496,26634397420.411453,26653889768.334385,26583541859.78132,26581349773.18301,26558638796.097317,26564728186.282227,26535765408.81756,26426468881.917587,United States of America
88,302141.5793665203,302571.8701965843,301467.008828836,300087.2317228976,300948.6625072735,300945.5291260511,300946.8084448005,301568.02018994506,300919.7788952113,294095.33378871845,294831.8366087299,295606.72122165933,295391.5694870964,295391.5694870964,295391.5694870964,292370.9023089236,292370.9023089236,292963.8364487576,Saint-Pierre-et-Miquelon (Fr.)
89,0.0,0.0,0.0,0.0,0.0,0.0,0.0,0.0,0.0,0.0,0.0,0.0,0.0,0.0,0.0,0.0,0.0,0.0,Palmyra Atoll (U.S.)
90,0.0,0.0,0.0,0.0,0.0,0.0,0.0,0.0,0.0,0.0,0.0,0.0,0.0,0.0,0.0,0.0,0.0,0.0,Midway Island (U.S.)
91,0.0,0.0,0.0,0.0,0.0,0.0,0.0,0.0,0.0,0.0,0.0,0.0,0.0,0.0,0.0,0.0,0.0,0.0,Kingman Reef (U.S.)
92,0.0,0.0,0.0,0.0,0.0,0.0,0.0,0.0,0.0,0.0,0.0,0.0,0.0,0.0,0.0,0.0,0.0,0.0,Jarvis Island (U.S.)
93,0.0,0.0,0.0,0.0,0.0,0.0,0.0,0.0,0.0,0.0,0.0,0.0,0.0,0.0,0.0,0.0,0.0,0.0,Johnston Atoll (U.S.)
94,0.0,0.0,0.0,0.0,0.0,0.0,0.0,0.0,0.0,0.0,0.0,0.0,0.0,0.0,0.0,0.0,0.0,0.0,Howland Island (U.S.)
95,84879957.87276421,84879957.87276421,84879957.87276421,84879957.87276421,84879957.87276421,84879957.87276421,84879957.87276421,84879957.87276421,84879957.87276421,76354329.43013714,76804770.45845942,76150246.62223703,76890067.30825104,76850216.21552551,76870519.22495301,76816068.74001832,78822271.49568987,76859992.25930278,Greenland (Den.)
96,483.4828226525729,483.4828226525729,483.4828226525729,483.4828226525729,483.4828226525729,483.4828226525729,483.4828226525729,483.4828226525729,483.4828226525729,483.4828226525729,483.4828226525729,483.4828226525729,483.4828226525729,483.4828226525729,483.4828226525729,483.4828226525729,483.4828226525729,483.4828226525729,Bermuda (U.K.)
97,0.0,0.0,0.0,0.0,0.0,0.0,0.0,0.0,0.0,0.0,0.0,0.0,0.0,0.0,0.0,0.0,0.0,0.0,Baker Island (U.S.)
98,12589224558.959118,13219281228.193626,13456471753.2238,13428933438.811657,13383599268.781109,13399650257.507444,13423135412.313007,13306930085.045254,13424720061.02578,13438046722.10644,13326776761.646605,13357643563.270624,13104766024.915545,13344761053.8651,13429136887.793903,13312990531.331806,13428359929.370752,13262373091.603403,Colombia
99,3395219969.906828,3405341893.4142866,3405561617.7346206,3392408892.701306,3392948631.984218,3393087754.361939,3391291077.43239,3393444590.5837474,3391330167.9652314,3390492229.64671,3390902157.2587733,3389497191.258754,3392731528.911922,3392436543.88277,3391735447.4793334,3391826628.8814683,3392712705.913697,3392554698.878881,Guyana
100,2285262386.341671,2338272405.050523,2511644993.280847,2556105456.8061323,2564949813.852478,2557155832.39117,2476332711.208374,2554386254.0965114,2562438229.391888,2462308858.5882025,2588583851.7237463,2592512647.6384506,2404395869.824672,2364042956.191309,2546912036.773097,2587920308.941657,2639629428.861885,2494736940.8533845,Ecuador
101,3570438765.118986,3528848384.077962,3524131234.051522,3535936437.0392885,3496788977.9015408,3486983724.209035,3420303108.2013044,3437714301.272923,3409297103.1519585,3341820048.987705,3318189448.6043234,3310226445.18441,3288402365.10652,3290439043.618044,3288818440.552324,3263633539.305906,3211626652.195475,3240696218.111557,Paraguay
102,2327172660.884364,2326703753.188725,2327526058.233875,2321765271.5584807,2321378372.7986684,2320823939.583335,2319979172.9334526,2321213235.72529,2320539556.972206,2317709863.527311,2317654760.9161787,2319303377.629108,2319728278.208455,2319673911.130831,2319553324.7964945,2319654231.7181263,2319719678.4664946,2319543278.186213,Suriname
103,473579451.31719285,473574438.2136535,474236979.56588304,478210280.7106378,480262794.0226393,481604528.0483169,485108811.2991595,484857593.5500551,486041990.8007406,487057698.06319577,487588736.6233546,489980209.1086377,490372661.0740565,491697972.5861808,491542658.9615076,494869685.32868665,494854921.2873759,494325029.5204565,Uruguay
104,8849649014.476868,8943335101.910194,8913900992.51435,8909580515.177763,8905549263.77469,8906379749.571049,8916356913.968367,8912166728.226894,8938426259.597994,8913965280.141935,8895912960.837418,8898370347.94152,8901673143.028202,8903925747.914877,8914179126.807354,8905719916.130451,8900886356.98823,8895327742.851263,R. B. de Venezuela
105,13759611671.447613,13975646359.438437,14107103756.613367,14083349036.197536,14099744926.207975,14111118296.23494,14077744558.075624,14072764451.376066,14039442244.191622,14124412217.05873,14081036519.910276,14108919039.303629,14079477883.646898,14097783261.407026,14043633329.430138,14118585757.335524,14081488577.4097,14099749006.54868,Peru
106,39792.37854923676,39792.37854923676,39792.37854923676,39792.37854923676,39792.37854923676,39792.37854923676,39792.37854923676,39792.37854923676,39792.37854923676,39792.37854923676,39792.37854923676,39792.37854923676,39792.37854923676,39792.37854923676,39792.37854923676,39792.37854923676,39792.37854923676,39792.37854923676,South Georgia and the South Sandwich Islands (U.K.)
107,2712237844.1563864,2754630664.574263,2772587344.451772,2782662180.9407315,2784741872.776902,2786338993.315649,2774732481.459074,2782890774.0083194,2764076090.356122,2769454374.0909734,2760224530.103144,2768558162.0016146,2770091851.5071554,2773300003.052822,2762790611.831352,2766908793.694561,2746527639.184841,2750793595.7014885,Chile
108,94679063902.8088,94396380066.37732,94308479653.51608,93163000839.22664,93006268195.97089,93158215478.78682,92770344885.57512,93136002317.93066,93162486375.19292,92583508331.59831,92909201151.2312,92741945136.143,93005968467.24184,92919719890.15569,92749361559.82443,92879409803.89488,92764457277.66637,93018717922.50836,Brazil
109,10437226383.35266,10379303491.31076,10456623861.234053,10191223180.158705,10248602479.219702,10272341057.15461,10221508338.596548,10291063972.393974,10307932687.035007,10041069411.617544,10224125380.227736,10268668815.59576,10291218690.571138,10283870063.793922,10264682501.659073,10239479706.665337,10257571957.573175,10229694097.831192,Bolivia
110,11125386528.451569,11095862998.578114,11018152324.841265,10968300704.251554,10954667555.99789,10931161437.438389,10893471212.194971,10858229888.473354,10843719321.268314,10769404176.825657,10781518690.15517,10780129543.840197,10752134264.965094,10777015819.860891,10771630838.094711,10793261802.828629,10743172187.866568,10777980993.101934,Argentina
111,0.0,0.0,0.0,0.0,0.0,0.0,0.0,0.0,0.0,0.0,0.0,0.0,0.0,0.0,0.0,0.0,0.0,0.0,Heard Island and McDonald Islands (Aus.)
112,0.0,0.0,0.0,0.0,0.0,0.0,0.0,0.0,0.0,0.0,0.0,0.0,0.0,0.0,0.0,0.0,0.0,0.0,Bouvet Island (Nor.)
113,116055557.88801132,116158857.85868712,116265539.89560989,116465549.95590106,116447947.6735237,116481210.89038453,116545826.37605467,116609909.6401192,116644581.34438974,116433407.29153542,116427292.35176492,116481814.21310918,116455884.1875212,116493233.2365323,116383080.781871,116458419.3161066,116421146.4491411,116390320.8937532,Turkmenistan
114,138362088.42875537,138557783.558817,138906892.7210985,138915626.7056916,138621209.0805012,138492678.30143124,138340816.12297562,138136654.61993948,138360554.0252318,135472757.0233906,135035218.87884343,135518814.48162228,135348436.15870124,135891490.0988301,134768271.78707856,135085838.2197834,134871767.78204095,135347502.76198047,Uzbekistan
115,76266419.80206756,76310883.88368376,76326158.9423812,76376194.80114594,76365940.14507805,76394619.93983102,76343197.966756,76390671.17389393,76401506.14597207,76215088.90078123,76172940.69578281,76127744.824538,76108674.47536221,76085814.44761695,76071484.14018206,76030251.2246811,75990264.07839224,76023237.50138812,Tajikistan
116,183481889.8992467,184551857.2493319,184802254.22744143,185514588.4353418,185195826.5353208,185102931.411226,184775534.81276917,184354658.75361785,184170536.76731884,183340213.18748224,183209512.13963765,182786550.9115232,182032305.66668013,182078484.2258592,182073789.5028869,183970288.0068795,184658662.251332,185509030.43730855,Kyrgyz Republic
117,1036263408.178756,1039047884.2349662,1040458698.7612202,1047464575.2058754,1047696252.5489624,1048540789.3159914,1049885962.9078854,1050518144.416926,1053893755.9191916,1053371977.9386928,1053743138.174748,1054166840.0620996,1054605124.6322576,1056475159.6501786,1055740450.7765791,1058106291.2840896,1059282263.0561868,1065192557.6197152,Kazakhstan
118,14641.565675529588,14527.022822871058,14527.022822871058,14527.022822871058,14500.600750421068,14456.526511986462,14412.448878616777,13817.411019177913,13773.337629733767,12032.42949383334,9211.5509119974,12449.890820144105,14345.585250795506,14345.585250795506,14345.585250795506,14345.585250795506,14345.585250795506,14345.585250795506,"Macau, SAR"
119,625489820.4210085,621835935.6297895,623694831.2657275,623875380.200004,623163387.5675855,623113612.7932831,622212091.3382329,623567574.3191636,620991162.7027725,623750374.3103622,622762150.1530203,620786827.5248867,618095396.9925879,618060759.5364182,617704506.6671773,624198122.1708102,626018224.8455756,630378112.6089096,Mongolia
120,251084205.43436489,252072227.58981952,253342894.9444311,252866011.6805279,252547780.0754864,251946441.1078637,251553923.7562982,251151349.94548607,251481490.4460836,250073360.9690524,249808336.47068012,247779650.84036255,248501902.70206612,247336023.92045423,247555275.54523072,247207914.1564536,247273062.60577983,245778479.6119449,Taiwan
121,148385801.9311971,147960808.19531953,146595288.5177282,145759452.14121088,145208401.9782412,144810767.9960556,144402247.0287493,143755996.84841862,143351033.65111092,124009925.52521317,122891101.92131203,122568810.05387352,122206211.10376056,121767946.87941922,121739700.96192697,121991655.97883996,121861565.54106356,121953751.13771193,Republic of Korea
122,128097154.52514055,128188379.80366002,128279397.31781736,127708946.31947616,128051063.63511948,128266652.78765374,128220503.59326652,128083212.05715787,127596935.53123778,127744463.1020114,127320383.48012358,127366985.93574774,127417655.2019908,126665662.59009884,126823941.07755664,127100485.3866684,126998777.14493048,126663396.039424,D. P. R. of Korea
123,1994836374.5933788,1994601456.3565075,1994295579.9257684,1990850382.2425344,1989460496.8905785,1989120364.2209048,1988034764.667064,1987618767.592841,1987319127.0151832,1983314855.5346448,1981901949.904864,1981433357.4597344,1980458103.3900604,1978891761.772953,1978504700.385563,1977700181.599072,1977043499.7457776,1975625567.5263984,Japan
124,5126725.7129135765,5148300.456696071,5185111.808661987,5228916.593591391,5248733.305770212,5238746.706405173,5268292.538842683,5266786.445003657,5235191.350342879,5242593.0771076325,5223605.577274494,5221943.157406895,5211970.930837981,5216145.387193822,5222453.451939552,5212910.274961628,5225364.799359827,5218954.50486602,"Hong Kong, SAR"
125,18353146331.97014,18351851414.622868,18338440699.93122,18370958328.281776,18349144502.81429,18363083553.997448,18351922881.372227,18323123751.003105,18310685925.23972,18257672120.554752,18264419135.46284,18221786488.34501,18241807613.396465,18238620030.88616,18238267441.759403,18318470412.733097,18338125461.547264,18340287075.036045,China
126,4285042916.960935,4270741537.3023934,4225129729.972696,4184170881.2548976,4220677550.901829,4226068465.987346,4178022104.7203465,4228255321.5986905,4168519632.6382856,4071245274.2732034,4121343743.965195,4101599732.1768665,4119423439.591758,4096871314.248511,4100960458.294126,4154848763.040376,4151172883.042936,4159513512.688191,Myanmar
127,978833319.2648064,952000291.458958,945163487.7150536,926578855.4371198,959329196.7253488,926207583.8033077,925720705.3312815,926987787.3372228,921784597.9523202,923246782.0130812,899276017.0894595,912045359.2715108,904374356.9345764,904869361.2701476,896231564.4561623,912557804.0551152,898050219.2186412,898989294.5063756,Cambodia
128,1781730772.7199788,1771662557.354151,1767935128.791428,1764564263.3428,1763273335.0762415,1760866590.811324,1760950637.4481585,1765093536.2182944,1759090540.2874632,1655160078.0593803,1644028475.178002,1646072564.745471,1651800308.8885546,1645240640.7507443,1646286214.15097,1653898085.5064871,1657035393.2480457,1654722275.4229963,Vietnam
129,1731883757.4469242,1718480961.5117402,1713472875.8095624,1693166745.6701868,1700824596.6896262,1704515539.3500948,1681706363.5638666,1697422832.381919,1688433644.0410914,1673460663.1179109,1686040639.3788493,1682509279.8587103,1680033012.3797958,1678891928.6495547,1679636554.3405662,1674766599.7702854,1682579873.5314186,1677579854.650722,Lao People's Democratic Republic
130,5296665074.852521,5329516823.697922,5333171729.342807,5330406499.986414,5321135765.523088,5314034825.849701,5304814069.2034025,5292217162.164198,5280919462.807869,5101718918.29358,5086566532.115711,5084736386.111651,5082101754.833914,5061394873.490366,5061797686.339453,5036551036.003458,5021406974.469999,5010517072.389904,Malaysia
131,2075630188.418501,2064081813.849964,2062327107.9309597,2043190064.3633475,2052351914.4975357,2057986008.0904877,2043547562.5236132,2057896943.2501864,2053358082.5879624,1959108835.9744084,1966320974.7161407,1959248361.893008,1971174148.9026444,1965448365.095608,1968394773.44592,1980250283.6758585,1977134394.6917543,1985997033.8714657,Thailand
132,116866467.72180268,117011438.7251393,117316672.55941306,117534210.89394017,117508783.36367114,117511516.61288264,117615395.73521644,117642255.03464653,117650640.85555324,117071255.36737828,117377668.0647859,117365421.4850067,117486449.10888778,117414873.25682037,117404399.99538258,117356812.75058664,117369669.01822272,117263814.4029258,Brunei Darussalam
133,3176321380.8516097,3252298810.150964,3269069835.022147,3270854994.4694285,3273311678.744989,3267840175.203994,3278582267.542608,3266297411.861418,3283440870.1893744,3268130878.9342456,3231239843.6706824,3256338848.814047,3267143436.264714,3277784656.2220664,3283443564.37574,3282103728.5010056,3252932744.378198,3274840328.633193,Philippines
134,29009547174.18972,29630384702.124195,29683555660.21838,29658194547.434464,29482497146.065617,29458029794.66245,29388619360.14914,29239022990.360348,29329072010.674477,28462161950.016983,28361919298.424686,28364174393.654583,28376008000.997517,28445762186.101955,28406177161.68421,28259102574.06294,28139495756.98474,28189968150.995808,Indonesia
135,1969796.896007813,1873295.588346312,1843955.1780540545,1839539.751242912,1784561.9428239027,1753892.186862146,1720231.5455249108,1705608.896052598,1692220.3752251416,1639569.7660034006,1619819.86383504,1624994.0216901435,1604721.65608162,1582170.1880700828,1577090.3005948332,1578941.686419057,1568876.7695759777,1561280.577751456,Singapore
136,109110852.46480726,109017494.41741128,109419580.51600218,109385313.03895082,109401632.0663983,109182710.9959123,109326924.72255395,109334008.82270668,109461451.71168436,109209341.73551834,109107671.58795913,109061462.72368778,109177363.69696464,109094703.50978744,109141560.765907,109204723.24641524,109147089.18316343,109559339.61843932,Timor-Leste
137,26427.11515004496,26427.11515004496,26427.11515004496,26427.11515004496,26427.11515004496,26427.11515004496,26427.11515004496,26427.11515004496,26427.11515004496,10901.835060298694,10759.327787107924,10901.715335111769,10949.201188114392,10996.687178967388,10996.687178967388,10949.201188114392,10949.201188114392,10901.715101016,Maldives
138,808040667.8130589,812210723.6022105,806314159.7171781,805719021.0015594,807451461.8222317,810658125.5031464,812226840.7809737,809003521.737604,806161969.4308944,803391960.4212853,809135041.7853507,805051584.5905353,801011757.0666366,801994124.6287396,813036467.25306,790977645.5441759,814013426.1914523,813123722.7808971,Nepal
139,871894111.4587328,871634521.557618,871948433.656669,874101335.7715119,874527554.414631,875066624.9776984,877465194.0228106,878609993.3733473,878424254.6864076,877993889.3239381,877517256.4800198,876987742.563448,877317924.1351193,876510114.7035973,876680080.0732821,876999582.9627131,877610180.5390882,877170560.7279695,Pakistan
140,7745503360.163716,7747479521.810125,7727490451.88675,7716710669.721276,7739871627.297761,7741305254.185502,7721978440.665792,7732116019.625084,7673625223.905389,7667735131.618636,7686935331.70398,7642293837.701616,7679742880.857165,7677222135.957136,7688150894.783085,7704950332.188687,7705673201.717748,7708681605.717775,India
141,909626497.2132376,909163818.827855,908980302.4433168,910466396.9297234,910360810.3817948,909656543.2168038,909772719.0013888,910057130.95687,909876938.8818196,907813611.4797504,908810957.4004706,909441747.0981392,909656606.462953,910360159.1560956,910344526.1685644,911213303.237692,911102905.472397,911354899.9752058,Islamic Republic of Iran
142,346026651.24340326,344635820.65993536,343932276.0363233,343603520.3819907,343539432.8097814,343216140.9172572,343950587.7122445,343288081.3252733,342605695.1006533,341990924.3789677,340739076.19741446,341038375.11118686,340833428.0046472,341393415.49617505,341262871.8357269,343630167.0145585,343684165.1691574,342600169.3186583,Sri Lanka
143,286750527.1279612,287418029.7179444,287972363.42935234,288429985.3516528,288664982.3757647,288819033.93281835,288359900.4182815,289100900.4896741,289036665.8470957,288735772.7462183,288985871.502869,288380684.8372965,289161711.53812885,288831731.266961,288820238.74168193,289243189.62307465,289382782.00373167,289467027.8636089,Bhutan
144,282167925.66577667,280906564.08586586,283557053.1357268,284261969.0997557,282087931.93192947,279965968.9846401,281901635.4393278,281055552.7299906,280422724.2365199,278383465.6328852,277274060.8007213,280301432.9043279,279484485.8724874,279347072.9210161,280289552.3558794,281349123.8995778,281954953.4118387,282671071.79144955,Bangladesh
145,437706155.2511242,436390960.44637847,434348001.8990688,434013286.7012232,434039262.1538498,433661295.112232,433878703.0012161,434103197.8168046,434601946.0260672,434363494.9952653,434526648.2249423,434509684.235573,434464865.8022982,434409435.1967327,434373092.1129697,434391063.1926285,434254022.8914287,434032394.0005131,Afghanistan
146,39361785.236777216,39355756.4245764,39349309.82980076,39362044.19794727,39351872.78647572,39344139.41826448,39354229.82813416,39348304.80130663,39337169.495276175,39223551.16538922,39233037.38632231,39225135.76928648,39203427.30287586,39199427.95700591,39158512.83800564,39162630.055640094,39113612.8218044,39111527.10405186,Oman
147,2572000.952864933,2535042.7649682,2524897.4080640613,2522153.580386525,2501769.506453218,2489391.1948516155,2478654.5559330606,2474533.416396383,2471151.460237942,2414732.924308184,2412380.86324166,2407770.447330322,2404951.284902677,2402716.3794316016,2395425.8571112794,2389061.352680497,2382128.636400521,2380765.1202578787,Kuwait
148,6223128.032691402,6219885.769325722,6216171.11587532,6210327.564914521,6206209.68312484,6201235.251627336,6192449.543457989,6181291.084015982,6174338.499542625,6159653.591266002,6152957.094112491,6146729.855898121,6129641.481495366,6092611.6894723205,6079530.138077921,6081196.751641185,6064781.909884458,6043786.205686799,West Bank and Gaza
149,16853917.279842045,16848584.918972176,16825104.38210991,16806522.820764672,16767063.311530702,16765015.562397571,16748749.016640836,16780608.735797446,16783941.898847915,5228410.649239797,5231133.59806819,5233962.988745648,5228329.575226648,5220754.003273435,5214960.602684561,5220467.197984142,5213764.534625019,5212292.803211245,Lebanon
150,1407855.5377368734,1412711.044633865,1412055.6946367137,1408434.110300924,1408996.4681586402,1407757.6430676414,1405583.1266708632,1404672.1220216893,1403417.442599422,1383551.586905998,1382795.106142129,1381848.4020589686,1380522.5871321757,1378945.5442946646,1378852.716042872,1377724.5053584117,1377819.5318485647,1377570.159112761,Qatar
151,236221069.29789183,236010384.45689625,235925373.24991268,236232965.9881959,235643863.3412198,235277579.42546928,235370662.45674783,235218080.94333005,235193394.53430983,234979783.6227186,234992774.79311764,234959069.05950585,235078379.1018832,235251053.90652537,235236321.8080826,235430842.8902604,235578005.5274624,235769285.27835745,Saudi Arabia
152,1774838549.2857895,1773082596.6112316,1772872126.2756026,1772113176.8763871,1771551169.763464,1771552777.8318667,1771736199.2587235,1772715760.3769507,1773246778.2507544,1771122530.4077263,1770339356.9464664,1769560122.5541327,1768513506.8535984,1766312937.203087,1765784500.198794,1771510465.5592573,1772737951.59359,1774594039.450872,Turkey
153,161559075.60687992,161463144.43405962,161141226.53874934,161135836.6129859,160352131.64979666,160292341.2451107,160251539.14825994,160155941.85899615,160110526.9792936,160052739.1496393,160086578.55215707,160061187.82460982,160048388.19062835,160055193.18639418,160044338.0741544,160216379.29978374,160300686.13361174,160502727.26137164,Republic of Yemen
154,124031367.74077876,124003508.50597475,123988983.514881,124298246.04733804,124232212.00385743,124439319.7052781,124541470.32713903,124544297.14821585,124628270.2851043,124210609.48942158,124263897.82968128,124329802.97658569,124263792.55612306,124287654.04836594,124204626.08539128,124304994.2434974,124286197.51856686,124234478.71123764,Iraq
155,13271820.345255628,13264556.124989253,13263093.72759152,13252823.356327409,13245391.633078896,13236100.757610286,13208567.229088366,13190634.200521251,13191578.343223644,13171936.45247811,13168654.29784688,13168940.157711407,13151174.745565604,13130719.87557512,13124167.846298937,13125186.986339811,13098801.671049364,13096729.052611196,Jordan
156,77220417.00682533,77190889.51082925,77150373.62241726,77007756.48504795,76950193.3420901,76935824.984379,76868014.09439345,76951876.53647582,77011554.05731913,71052132.53773235,71035032.44363599,70951770.88208129,70906831.16334563,70865807.3606929,70776541.23691346,70850412.3667169,70797905.04839149,70918660.42645721,Syrian Arab Republic
157,14973763.204397611,14957981.942404272,14946380.83206773,14936934.136170091,14925929.880027628,14923054.89512308,14909766.806179157,14898879.852651684,14884959.214916935,13919179.123390632,13900667.332215983,13878879.31136342,13825964.364262534,13799113.358032642,13776425.83114779,13796333.26736276,13690912.210378747,13646137.874129187,Israel
158,264692893.47297817,264376925.71412945,264296856.08592784,263740005.0959817,263364319.2377361,263606517.2911165,264254513.3658662,264777991.78226268,264733380.07107615,263891462.27446812,263598135.3826179,263349050.85996732,263353241.09689784,262433736.80103824,262377655.53734744,262651969.6182917,262698496.2263417,262726371.96118492,Georgia
159,21297007.75025351,21295200.88831117,21280825.082193784,21266909.924584758,21261870.046623543,21225420.834502377,21149270.271956448,21176870.714117564,21130467.363794155,21039078.454078324,21057488.36712897,21039536.415023465,21025154.744104523,21013377.25026683,21005397.256794345,20969714.995411653,21006032.267938618,21010379.33646831,Cyprus
160,64179.84994231499,60955.10190833736,59553.02660406316,59339.23122160864,58911.845375359866,59469.26602185546,58621.08255071856,59195.62843202279,59144.35445282333,53882.679249452085,53814.22353468701,53265.22594587791,53873.93579062298,53805.4835088592,53625.79632232667,50984.497115203,49856.07634355066,48659.22822428247,Bahrain
161,95054748.26079932,94977699.50361437,95010836.05929472,94870249.23200394,94509711.48833504,94436950.04248776,94407073.88302004,94310931.33811378,94186288.144672,94040946.63987309,94023299.2471955,93984738.33986774,93970701.7289426,93887337.02750143,93857119.08527496,95139312.16892748,95137822.15437327,95246650.38751954,Azerbaijan
162,71868723.53263886,71720881.62676305,71686112.09415463,71639411.4439292,71615772.6897546,71546839.85631917,71620334.30381536,71580738.13861077,71577875.62407394,71454608.26790605,71513829.02847792,71462450.11023638,71461098.2085659,71373644.90984575,71334062.43934989,71821271.81118506,71820239.6339549,71884073.59937292,Armenia
163,8543409.697861563,8555283.76273481,8554743.706314396,8566309.362965558,8559722.550136989,8557772.08916549,8559404.04823638,8559254.487131095,8563971.005383061,8495933.774245469,8491436.549040638,8495306.358886931,8497155.285892917,8500743.633346796,8493198.084154729,8493128.192749524,8471289.554395415,8466635.929264253,United Arab Emirates
164,18451719.70564645,18331586.39436113,18202690.38545904,18067998.901636627,18065603.79095726,18060029.87842179,18058947.56270306,18054535.476477563,18065185.00762309,18061861.02412403,18054953.11112643,18064454.33443708,18059262.2475584,18035817.57779163,18069828.6714706,18081751.9835762,18091199.05450256,18090069.5474914,Moldova
165,59484441.14760368,59303472.52725628,59107529.708913065,58889544.382390186,58888774.7660756,58886438.499400176,58883713.5030049,58958456.824847855,58985678.19590888,58961946.41862632,58967846.01278655,58944151.74980692,58957741.59232155,58980127.486120924,58986653.27174715,59083901.61970559,59066472.809220046,59040659.879413255,Hungary
166,369277712.69619113,368590004.43748975,367892640.77895087,367104987.3526098,366881005.5111852,366790735.5149829,366544046.1129507,366338698.1046143,366345964.87270224,366001560.2246355,365950730.52009946,365859859.6482946,366054422.1881537,366466056.2318885,366459726.5204468,367651194.4934868,367691007.86454445,367082066.131222,Poland
167,316409139.87090385,316236376.59574383,316232690.662742,315778710.5107694,315865952.93197304,316096472.6104273,316306743.6844122,316586993.8870519,316558208.94940186,316152986.1626295,316210444.7344565,315998898.0371896,314313927.652152,313971564.4051395,313877359.7141223,313808228.0469354,313494776.1878116,313122553.4642875,Romania
168,421262384.3934307,419931387.7565774,418518190.2299215,417183709.2847211,416966001.3840666,417603427.0215159,418076998.7753552,418600154.8287154,418632013.61182505,418439154.74716246,418587222.0802876,417965215.6382289,418460599.8346372,418186533.6521915,418042430.1913777,419108232.261997,419189366.5463685,418853826.4953536,Ukraine
169,174743028.97884756,174330450.87823263,174571598.6004972,174815583.5108582,174715307.5789353,174902672.48938403,175153044.77270165,175489712.73342368,175615992.85236138,175491519.36372826,175390223.68504614,175094531.79719988,175308948.17864564,175275650.91050842,175260842.78405753,176013281.50841042,176225962.77143368,176152254.72026598,Belarus
170,121672031.6601342,121444808.16184308,121195978.93303964,120785940.02187614,120676512.78950906,120723510.65554476,120651897.24332124,120424592.4250002,120379075.34109436,120213884.22492424,120128913.44116026,120055471.83985952,120061303.58044626,119852602.02813524,119867924.40924834,119966229.21260512,119750743.55065513,119368248.45032392,Czech Republic
171,29490698278.273884,29335283176.294834,29226653676.24963,29335676872.240368,29313870148.543064,29493917361.41305,29499540250.0784,29462151444.71479,29308675481.755978,29125901704.224865,28945569647.126312,29214492393.95846,29152567452.43551,29122553399.144264,29162696967.978638,29093842145.43871,29097695400.7553,28969953004.91652,Russian Federation
172,98737849.65978704,98576316.64864056,98530966.676018,98326054.5934952,98061447.18702416,98118680.40429176,98103776.69944333,98038657.52530904,97912036.14538112,97869988.2659607,97709146.14816992,97677103.39240226,97560364.54916687,97262905.75446156,97267051.31059916,97269784.45503312,97184755.60209808,96951486.83921416,Slovak Republic
173,165797364.44063404,166000572.5386506,166839315.06573018,167116309.86352986,167175804.68871805,167375411.59060732,167603243.35505643,167997313.37352133,168224101.3143774,168074325.1787464,168243613.76535964,168214613.07204384,168209020.20269945,168283395.0237108,168258367.20904678,168365723.67369813,168453694.2004663,168625634.8241436,Bulgaria
174,924760.076094479,930904.0905888455,930454.7116481438,937909.8048725596,937876.2744250756,937610.7731228982,937582.836692434,936433.2437753942,941676.1974845224,937507.1569701624,936471.392460264,935147.3656375617,935274.4981985524,935813.9960380368,935813.9960380368,935438.6964288112,935438.6964288112,939591.1975048846,Isle of Man (U.K.)
175,365377294.7084629,360745212.2728721,357553329.02556634,357804139.9956079,356755804.78539485,363248279.83902735,361460545.1789833,363914750.0222829,354264821.44670296,354608677.62673205,349008589.20830435,356296837.2020389,358707993.65704113,357698347.1789608,357624575.16335166,357492388.6446431,357329696.4502187,356540097.383334,Norway
176,112476.19366587028,110115.57824430482,106852.15678052913,105320.19664449945,105289.25395474408,103422.48777027232,103391.5468308779,103391.5468308779,102028.47991009938,102117.56086703784,101209.49444268344,102086.46444088656,102117.56086703784,101694.38867896356,101694.38867896356,101694.38867896356,101694.38867896356,101694.38867896356,Guernsey (U.K.)
177,937354295.752341,929938379.0151016,923142806.999478,923234212.3213732,916796747.6440656,928253589.9640127,925485724.0716592,930100949.0619924,907374165.7292168,906593122.8651458,897237823.5083725,914624050.8958364,922473516.4760025,920703791.9494884,920602347.0062096,919494285.6480824,917726317.3175596,910532123.3963388,Sweden
178,582742.9631304821,598493.8663845618,595534.752517582,597443.8786886671,599383.4953154633,601008.3581715716,599083.6177758557,599526.7047569815,596171.8489615981,585335.7199556625,585305.7215681105,589979.6613725784,596283.1357287854,596356.9995967873,596356.9995967873,596880.4867338454,596880.4867338454,596880.4867338454,Faroe Islands (Den.)
179,50114465.9569722,50108350.54176789,50098803.70225728,50146996.64475905,50057136.69751333,50047365.20894298,50065152.230029546,50070838.69669228,50086063.69362152,50047602.24929491,50064276.75616273,50007443.39001752,50104811.621321805,50297514.57985544,50295355.829028666,50449780.4443436,50460274.75445652,50446351.67959913,Lithuania
180,63488546.76303456,63399656.50151124,63242428.59582949,62975989.95971994,62833998.85749699,62732798.37585717,62586689.45679613,62359889.49215539,62233626.304844335,61814363.32892395,61842505.267266095,61794805.78165735,61833074.187461525,62001964.18616927,61997540.71217022,62212808.09954317,62214592.52106921,62154213.91935752,Latvia
181,6286701.864568213,6286701.864568213,6286701.864568213,6286701.864568213,6286701.864568213,6286701.864568213,6286701.864568213,6286701.864568213,6286701.864568213,6214590.105075738,6214590.105075738,6214590.105075738,6214590.105075738,6214590.105075738,6214590.105075738,6214596.40406052,6286241.902689483,6214596.40406052,Svalbard and Jan Mayen (Nor.)
182,132536102.98863804,132602505.44380374,132642112.25605626,132785734.99999335,132841003.99256562,132878335.45601776,132954488.49703932,133062451.49441016,133325570.00715648,133353983.08329976,133380771.55168934,133419957.38693836,133434194.68104836,133556233.8781429,133556827.8188728,133718508.98157932,133734499.81307498,133801093.75104436,Ireland
183,44290459.890545785,44290459.890545785,44290326.71813214,44290459.890545785,44290193.5595942,44290326.732007846,44290326.732007846,44290326.732007846,44290459.890545785,44026760.00090699,43999084.65596927,43893588.3188359,43746481.20752589,43746481.20752589,43746481.20752589,43746481.20752589,43746481.20752589,43757666.18822322,Iceland
184,237633.10431982996,236910.6445574269,235431.45085345104,234170.4439087075,233258.260633108,234164.87082847813,234164.87082847813,233676.8485833,233220.7823124872,231991.78030681063,231504.4401485836,231535.71403599772,231535.0295617194,231535.0295617194,231535.0295617194,231535.0295617194,231503.7626186941,231503.7626186941,Jersey (U.K.)
185,367682267.2833965,367337297.2560257,367135048.9999132,366762924.5128356,366632969.44987977,366585253.0401801,366320528.18229806,365989123.08306783,365979519.1580637,365562862.2315813,365473394.6813073,365336888.3625408,365205487.0886874,365468280.4538824,365450124.886285,365230006.46222144,365180433.2695048,365381068.5291236,United Kingdom
186,834944689.5692217,828159023.4012905,823907062.5708289,824294492.4612061,822989440.1891346,829477130.2760015,828696190.180174,830214843.464115,819030859.6028013,812005466.7133543,808963254.5607665,818732593.8856456,824103280.8281,823316590.1378573,823302992.0077146,822272266.3336313,821279427.0002344,816806034.2112592,Finland
187,45111097.889136896,44996047.480685614,44968504.1842148,44709912.23857467,44614385.75970631,44572165.62150352,44498944.40143497,44385367.564362586,44260838.01731582,43818756.08510573,43848301.98219708,43747270.40159751,43790800.69306355,43796018.05304848,43794248.76034615,43916604.9596118,43907226.77366259,43814152.09596633,Estonia
188,67418300.57412095,67276311.26902255,67195379.86423498,67151766.90148476,66859784.4377521,66775892.805273294,66581145.06361744,66554481.82776153,66505778.25502122,65795583.909310445,65766902.27839435,65755663.30304309,65818615.18199337,65752852.718701646,65749718.90366237,66020939.9702918,66012625.02306115,65928481.45604338,Denmark
189,27566.211114370675,27734.47155256097,27734.51810956805,28759.441857298963,28414.34302777568,28334.16050209384,28157.686970040835,28197.752506116503,27435.805911145017,5716.023351559691,5716.023351559691,5716.023351559691,5674.817566091591,5707.782148993019,5707.782148993019,5716.023351559691,5716.023351559691,5716.023351559691,Madeira Islands (Por.)
190,65925399.85195195,65862211.092530765,66427543.5277568,66720442.59455411,66846595.7579532,67059686.68829914,66953308.30401339,67326580.75877899,67579532.11230418,67562692.12426123,67560494.60582733,67443204.41209458,67581069.9778219,67625473.32002553,67588364.94943644,68041486.89638473,68053966.3173799,68242421.1272341,FYR of Macedonia
191,55755998.16417188,55739829.89333392,55752415.216844685,55562860.09436737,55450176.19307638,55531480.50918752,55328900.923143625,55583755.650462486,55663628.85090256,55380331.35019274,55237204.67705617,54922665.67918508,55050228.11423016,55178458.72892687,55059056.113559134,54995415.27572747,54441707.18351596,54514970.5413231,Montenegro
192,0.0,0.0,0.0,0.0,0.0,0.0,0.0,0.0,0.0,0.0,0.0,0.0,0.0,0.0,0.0,0.0,0.0,0.0,Vatican City
193,116633895.03429756,116656743.48102382,116631536.3489063,116791207.94498178,116812501.53953546,116860590.91248795,116806704.1277688,117051662.14045544,117388696.29406092,117314663.30468825,117137931.56528792,117082864.96706158,117279200.3358729,117345800.79567136,117256505.22623254,117146863.15866555,116897661.95294884,116935613.48487902,Croatia
194,219945.97288855535,218400.51023059187,217418.76918288445,216823.69257829932,215547.99926210684,214783.118529318,214705.88145274547,214558.9990769652,214497.25702265132,208414.9061340313,208283.53135098307,209974.4729822152,209858.60596202,209943.8506478238,209889.7468434517,209889.7468434517,207400.2491341628,207346.1292838844,Malta
195,71040.52801755338,71019.88864524588,71006.12335380663,70992.36535893647,70971.72440083908,70964.84175511143,70944.20396935596,70902.90651047534,70861.62268998026,70854.7394099995,70813.45432078338,70503.72987234448,70200.90932162295,69884.26131966688,69884.26131966688,69884.26131966688,69884.26131966688,69884.26131966688,San Marino
196,57998503.934568845,57841279.87672536,57731480.11433889,57629460.45524562,57573905.6935004,57577423.70556709,57565127.922609456,57579280.36446861,57478230.882366136,57212567.333251365,57167824.714176185,56978909.30812957,56927427.439827405,56466514.0594446,56469435.68716696,56370949.20649552,56336055.37099288,56292885.51712482,Slovenia
197,372776083.2364273,372601637.3036383,373321100.1057937,373167882.431434,372893871.46103096,373219348.7373567,371802996.9856188,372869982.9860912,372950844.7247446,372128736.787905,371868772.193877,371687695.0826336,371729475.7257559,371254097.40897727,371197138.1044871,372832502.1631302,373469578.2470822,373797378.0288408,Greece
198,791361919.0114417,789032291.1461952,788234153.9845542,787713024.0189769,786247898.918065,787659949.9464672,786137741.3786694,788581812.1715503,787507302.520712,786281224.5350429,784837570.2578917,785246508.8132366,785159054.2233925,783864609.2682829,783679513.254955,784943576.6970884,784169097.3229138,786053588.2190211,Italy
199,317547867.59876823,315199778.6245251,308820142.04529846,308347752.98655254,303412142.7150542,307145052.00723815,307328137.7112662,307197462.6520923,306624670.8045392,304480312.7777461,304821194.4420514,303801700.95994204,303357603.9712831,302438436.9888885,301854931.9772736,301831825.59972674,295781678.30050784,304223026.44550633,Portugal
200,77109780.22198689,77186610.87705895,77364712.8823689,77435516.97357085,77445461.0613085,77542196.13474645,77576816.80744712,77827850.67591381,77904755.07153358,77846206.45695484,77877680.0996744,77778658.77139644,77821488.33147661,77802659.83539377,77772701.24476083,77731103.15721026,77612245.3775097,77422955.81764485,Serbia
201,269.75108447470586,269.75108447470586,269.75108447470586,269.75108447470586,269.75108447470586,269.75108447470586,231.21176995237755,231.21176995237755,231.21176995237755,0.0,0.0,0.0,0.0,0.0,0.0,0.0,0.0,0.0,Gibraltar (U.K.)
202,1357107199.980079,1354044191.062955,1351237918.5098298,1346425993.1148646,1344934628.7423463,1345149869.383768,1347246184.4519267,1348001212.9704146,1347774185.0171554,1347021605.4319017,1345433351.798844,1343224867.922806,1343419271.1312523,1341687978.3605423,1340537166.2488778,1344021407.779956,1343684964.3725896,1347474938.837497,Spain
203,147469497.04969198,147465447.34542173,147109641.845161,147127389.97320727,147143164.22892937,147389960.9441975,147401705.93049803,147711661.87809834,147983272.87471128,147959437.20828027,147847846.59833315,147602841.21569735,147918271.48925495,148205291.3595704,148177940.234726,147995541.2424446,147519096.249214,147548775.02475446,Bosnia and Herzegovina
204,581170.9157965217,582732.0472304753,583717.5660252869,583725.02711123,583725.02711123,583611.8320262078,583604.3763407699,583604.7696657832,583219.8416117084,584239.1231650913,584382.8313843898,584770.6860376357,584378.100988808,583893.669688437,583377.788081986,582772.4748867099,582290.6860678826,582102.04148314,Azores Islands (Por.)
205,1702330.9462274844,1704048.1731633432,1704026.9872451248,1708320.6479816209,1702303.9026318954,1708320.967780721,1706482.748647737,1710744.9488538697,1709104.105417746,1709974.1283959155,1702023.8317857594,1699874.0922665424,1694718.1163428044,1693842.7382247671,1691913.9079458732,1686093.3433942958,1681046.5624867724,1679188.7405432777,Andorra
206,74487389.48721267,74474731.94889414,74639523.22791661,74956255.6127509,74947104.0142931,75140059.5058963,74508424.07468778,75358310.05700569,75438412.01858653,75174204.98996325,75015787.80522992,74805470.50879209,75060778.42579374,74983817.91519794,74936885.84191923,75602646.91377345,75598157.46978168,76591868.04435806,Albania
207,8305.987471055774,7857.159343815345,7152.785498830463,7118.266213458527,7118.266213458527,7118.266213458527,7118.266213458527,7118.266213458527,7118.266213458527,7083.743767943118,7083.743767943118,7083.743767943118,7083.743767943118,7083.743767943118,7083.743767943118,7083.743767943118,7083.743767943118,7083.743767943118,Monaco
208,50353737.12539365,49819270.815077126,49519573.43913224,49268939.06801328,49189651.125637785,49154888.8284302,49079484.94971524,49049039.97809404,49004102.25098235,48842367.93287988,48821545.1701097,48765022.758138604,48811413.09428774,48747578.153972544,48746443.33445232,48749397.04562063,48728863.774188906,48716936.85684761,Netherlands
209,7544524.434155928,7505218.486610665,7485565.272718614,7447125.954029028,7429578.17025105,7419701.146779825,7336452.978099287,7303008.120044099,7290621.677278804,7257450.03794307,7232302.595633563,7217465.823396611,7220329.144572343,7217827.880892954,7217827.880892954,7282768.630867441,7281556.362156598,7279424.121429982,Luxembourg
210,583186.0475139199,578876.6591132475,575459.3122015982,557207.0436423066,547653.404571749,553604.370583012,548457.1945867264,554796.1206802372,547654.551930397,549287.1609034978,543960.2089300733,551101.7776799134,548826.85824273,531038.5053313067,531038.5053313067,529163.4549091266,529922.2082570771,528663.5583634665,Liechtenstein
211,2919254560.1011653,2919131255.3461404,2915646243.909999,2909673790.3589497,2907883003.653302,2907779456.7565,2908127333.0618505,2911414550.7076483,2909795984.5848727,2902031076.5115604,2898926040.929193,2899124413.43514,2900039697.2464128,2897111516.9091506,2897043474.2666054,2898099745.41236,2898861929.054873,2899639331.555427,France
212,848769439.0560169,846121373.948521,844118802.7130853,841864413.6302077,840568007.5399987,839821885.8585292,837316065.5818272,835695417.975609,834666519.0410614,833420808.6096543,832738792.359521,832290492.2802104,832718370.3380768,834098135.1586995,834096960.9823309,836058362.2613125,835944893.7985855,834935979.4667193,Germany
213,103261634.88102151,102465662.0011022,101954300.16982988,100939173.97735032,100366053.1883211,100828251.59307677,100385437.3464429,100947308.94437818,100064581.52217013,99896268.69940937,99069889.18610132,99717178.18800002,99614227.49838488,98432827.60863245,98459015.21010554,98421861.87418756,98402910.57861564,98212483.06724314,Switzerland
214,64872351.79128637,64249826.11200686,63724895.97379139,63321027.91864996,63273607.38309601,63112220.9317096,62875343.68470652,62824694.29574614,62794568.39430276,62660147.65722795,62553496.85482952,62463874.788370095,62464540.46187326,62581796.18332938,62584651.64939656,62798980.54026751,62765888.8862693,62764493.88759629,Belgium
215,263998688.5304815,261838213.1690672,260988721.93808925,258876700.42952785,256418648.0118788,258604100.25885504,256742462.9769942,259094898.6043863,256526906.94895768,256608466.9078182,254149819.5008351,256022929.2592532,255727248.9989294,254420238.47030917,254384147.40858477,254067965.87517804,253857907.07159024,253259175.56169927,Austria
216,11778.916855067684,11778.916855067684,12153.78353864082,12153.78353864082,12153.78353864082,12153.78353864082,12153.78353864082,12153.78353864082,12153.78353864082,12153.78353864082,12153.78353864082,12153.78353864082,12153.78353864082,12153.78353864082,12153.78353864082,12153.78353864082,12153.78353864082,12153.78353864082,Norfolk Island (Aus.)
217,1337855970.2659075,1339028887.5899234,1340926938.3167908,1343709824.6655302,1345891644.2051587,1346735574.19722,1347980045.9559348,1348419323.519066,1344704458.8404343,1338776239.7751987,1335365362.5124512,1333420703.3099864,1329402098.9338224,1328452815.8598146,1328434931.2421656,1325611431.256131,1324972582.4963863,1325716968.4434557,New Zealand
218,1950.8570249417376,1950.8570249417376,1950.8570249417376,1950.8570249417376,1950.8570249417376,1950.8570249417376,1950.8570249417376,1950.8570249417376,1950.8570249417376,1950.8570249417376,1950.8570249417376,1950.8570249417376,1950.8570249417376,1950.8570249417376,1950.8570249417376,1950.8570249417376,1950.8570249417376,1950.8570249417376,Cocos (Keeling) Islands (Aus.)
219,3363.5665266533147,3363.5665266533147,3363.5665266533147,3363.5665266533147,3363.5665266533147,3363.5665266533147,3363.5665266533147,3363.5665266533147,3363.5665266533147,3363.5665266533147,3363.5665266533147,3363.5665266533147,3363.5665266533147,3363.5665266533147,3363.5665266533147,3363.5665266533147,3363.5665266533147,3363.5665266533147,Christmas Island (Aus.)
220,19058257262.39758,18970747398.55609,18985025708.19726,19036642745.05105,19071086842.00762,19007866684.397007,19087569909.559258,19092228084.459183,19003842830.117214,19088415391.887222,18977763885.74568,18926641387.6772,19006733672.860588,18975627232.696697,19004674169.366398,19016004464.70685,19044021564.523357,19024779079.981445,Australia
221,0.0,0.0,0.0,0.0,0.0,0.0,0.0,0.0,0.0,0.0,0.0,0.0,0.0,0.0,0.0,0.0,0.0,0.0,Ashmore and Cartier Islands (Aus.)
222,7765795922.941706,8201538870.072196,8266299282.347806,8207401288.281802,8108344863.507991,8166052554.387358,8228980502.329658,8225441647.494143,8179098080.078608,8266374153.405629,8159743742.101018,8152941464.95092,8132418342.846125,8213552118.600045,8235378182.7962675,8184270827.60933,8150174393.03996,8225767131.119152,Papua New Guinea
223,202456741.16660875,208620226.1310684,211869989.0644,230314255.45737517,231426554.19927585,231164157.8554826,232415671.9768545,232406497.70631796,233480000.79870495,233001762.91320905,233775394.993844,232952879.00265,233992839.21528536,234337106.6113612,234206940.78690097,234488088.2800296,234109477.0173169,234011815.24796516,Vanuatu
224,528796257.4639582,542660238.6019343,553626731.556604,547827895.9388534,552131493.2221538,552016586.2951295,551968550.1136168,553706101.792919,552654275.7202176,550896468.7115419,552292363.7233372,551028104.4695596,551776699.7000993,550077044.5669332,549767196.2437351,550390748.4298958,548366059.7377555,547182954.0755795,Solomon Islands
225,302701337.9216538,302606819.70870847,303761149.21314174,304241114.60259503,305337166.13039136,306462494.1161779,307129054.49747384,308555172.2657924,310713355.20120674,309040743.94399863,308508223.495273,308635019.2872923,308678541.6620475,307499328.5431978,307502687.6800888,307225029.686031,306874542.4178685,306733526.58417857,New Caledonia (Fr.)
226,316654554.5042948,317483729.850923,318660287.7503629,318711575.8646832,318605441.1374805,319240171.2331765,318621208.44488114,319551597.90319103,318994836.94996136,317197330.745608,318041859.9474676,317139144.7161456,318178097.1162701,314934774.40202075,314618488.65794283,313407306.0175116,312729822.85576564,312710620.95366955,Fiji
227,374217.9123673275,374217.9123673275,374217.9123673275,374217.9123673275,374217.9123673275,374217.9123673275,374217.9123673275,374217.9123673275,374217.9123673275,364445.6804449979,363271.43842549867,362550.4249388341,363863.6436073504,363447.6901092767,363669.6086795922,363817.3694834028,363373.7567781883,363577.2069206826,Guam (U.S.)
228,179870.40015475673,179870.40015475673,179870.40015475673,179870.40015475673,179870.40015475673,179870.40015475673,179870.40015475673,179870.40015475673,179870.40015475673,154237.9504127812,151078.0440446223,153781.49708476893,154247.2658408991,154125.16243411924,153786.66623645774,154052.06459573386,153794.79938946737,153951.89323513236,Northern Mariana Islands (U.S.)
229,10038.990304739646,10038.990304739646,10038.990304739646,10038.990304739646,10038.990304739646,10038.990304739646,10038.990304739646,10038.990304739646,10038.990304739646,2804.241035922391,3563.977792297276,2973.857664823221,2916.9199348832253,3001.8541192492044,3001.8541192492044,2869.6933309027386,3001.8541192492044,3001.8541192492044,Marshall Islands
230,8405.152165236575,8405.152165236575,8405.152165236575,8405.152165236575,8405.152165236575,8405.152165236575,8405.152165236575,8405.152165236575,8405.152165236575,6933.065472820339,6885.578597724709,6648.145297136935,6838.092302058778,6838.092302058778,6743.119067206924,6933.065472820339,6838.092302058778,6838.092302058778,Nauru
231,4569.011451011572,4569.011451011572,4569.011451011572,4569.011451011572,4569.011451011572,4569.011451011572,4569.011451011572,4569.011451011572,4569.011451011572,3626.852809227265,3815.267549977621,3815.284346343919,3768.159446978745,4380.371800609478,4380.371800609478,4380.371800609478,4380.371800609478,4380.371800609478,Palau
232,1490.602084594187,1490.602084594187,1490.602084594187,1490.602084594187,1490.602084594187,1490.602084594187,1490.602084594187,1490.602084594187,1490.602084594187,1208.291674671408,1255.5786944450356,1255.5786944450356,1255.5786944450356,1255.5786944450356,1255.5786944450356,1255.5786944450356,1255.5786944450356,1255.5786944450356,Federated States of Micronesia
233,244730.1906855952,244730.1906855952,244730.1906855952,244730.1906855952,244730.1906855952,244730.1906855952,244730.1906855952,244730.1906855952,244730.1906855952,34614.51974068689,34891.65690959325,39329.45353314865,42292.30848909789,39290.30185679541,40953.612106441215,42227.41875183366,42946.45589929551,42709.3658570195,Kiribati
234,35356108.3610341,35781834.40504488,35844125.976455495,35860738.758754514,35831674.14118467,35871125.097654164,35862818.513142735,35871113.80258434,35866968.23769671,35698654.36212679,35747988.56800374,35699912.21688004,35681294.66995528,35697903.064785525,35631212.40305776,35704747.15105046,35699879.58938511,35733289.65404148,Samoa
235,6966504.329256281,7097488.553744277,7125778.988624117,7172796.330424237,7113850.486071683,7164577.2396683935,7142028.058147128,7190616.71158255,7192861.763694526,7156171.862733073,7165630.297870729,7175408.88405035,7190718.173830131,7194727.084691033,7200752.346061033,7196697.405420353,7196742.18334638,7194709.308142832,Tonga
236,3172.551065195686,3172.551065195686,3172.551065195686,3172.551065195686,3172.551065195686,3172.551065195686,3172.551065195686,3172.551065195686,3172.551065195686,1563.8741290098862,1608.8682282059704,1475.1700019073833,1519.821791991597,1474.8276927955128,1519.821791991597,1519.821791991597,1519.821791991597,1519.821791991597,Cook Islands (N.Z.)
237,21200.11186576817,21200.11186576817,21200.11186576817,21200.11186576817,21200.11186576817,21200.11186576817,21200.11186576817,21200.11186576817,21200.11186576817,21200.11186576817,21200.11186576817,21200.11186576817,21200.11186576817,21200.11186576817,21200.11186576817,21200.11186576817,21200.11186576817,21200.11186576817,Pitcairn Islands (U.K.)
238,757091.1071612464,790258.7252919254,827564.6960569333,815120.4378771684,823419.0035039072,825483.1045082936,821346.921684532,815122.2103369408,817203.7287078677,821346.7248656667,827563.2504234507,813056.1154020979,829637.1796031395,815131.3700006615,825492.2874255829,825491.3871636349,821348.2205998722,829637.2045795366,Wallis and Futuna (Fr.)
239,2451.698193815677,2451.698193815677,2451.698193815677,2451.698193815677,2451.698193815677,2451.698193815677,2451.698193815677,2451.698193815677,2451.698193815677,2451.698193815677,2451.698193815677,2026.3428163729145,2026.3428163729145,2026.3428163729145,2026.3428163729145,2026.3428163729145,2026.3428163729145,2026.3428163729145,Tuvalu
240,0.0,0.0,0.0,0.0,0.0,0.0,0.0,0.0,0.0,0.0,0.0,0.0,0.0,0.0,0.0,0.0,0.0,0.0,Wake Island (U.S.)
241,1439330.1052363273,1522245.472928391,1565776.7381655276,1598945.9626787384,1547120.2255011802,1582361.0118543268,1567852.488951095,1584432.481582989,1561632.6163131865,1519332.1589597613,1566958.4775534524,1524467.7405915514,1533749.92923201,1535868.1799773076,1487156.0385385272,1538838.056096084,1521356.634938618,1537939.4647524103,American Samoa (U.S.)
242,4092605.584551341,4191704.872246632,4205860.573664137,4199793.985376444,4197770.697866777,4203838.709128755,4191706.0633287793,4191703.3140311614,4199793.985376444,4189548.479104457,4179431.2421748126,4201681.390959011,4199659.062203951,4197636.600983171,4201681.457201203,4199658.995980423,4199659.062203951,4203703.785956264,Niue (N.Z.)
243,210019.8999534525,210019.8999534525,210019.8999534525,210019.8999534525,210019.8999534525,210019.8999534525,210019.8999534525,210019.8999534525,210019.8999534525,151542.1755460889,135629.86629318263,155282.2802620205,150497.90401685738,150588.03353759917,150769.2299733836,148731.16746770736,150633.89520055667,150769.25176972465,French Polynesia (Fr.)
244,0.0,0.0,0.0,0.0,0.0,0.0,0.0,0.0,0.0,0.0,0.0,0.0,0.0,0.0,0.0,0.0,0.0,0.0,Tokelau (N.Z.)
245,16597841926.919628,16400234726.736816,16306620279.59814,16391636218.436811,16317131280.09092,16590531629.00229,16532675874.14675,16574390914.873993,16200515493.368496,16215642295.532255,16047246726.152493,16371241599.477228,16382940291.096348,16373204949.545685,16363157402.595556,16353490961.623451,16328709331.997149,16304233545.200426,Canada
246,4161884.9915468,4585677.7064329935,4975152.585815854,5020971.873672053,5016226.733663437,5002030.367152688,4950862.314027492,5028599.41502056,4979813.211900223,4960544.544244092,4936676.977048385,4987016.935922377,4830289.758397709,4732506.708694721,4811494.554337949,4761638.683592252,4785987.645108502,4840935.876914993,Saint Vincent and the Grenadines
247,2599955.002781168,2685061.596173235,2681067.002612848,2679599.0462767025,2685457.449826984,2683171.4709607856,2674010.0811232533,2664069.1107549546,2658715.9316117167,2632789.090866749,2622625.8234468214,2599477.226178864,2595981.9669232937,2584637.1959514013,2581803.3537043305,2581581.2966452898,2568378.301547991,2526100.692728023,Curaçao (Neth.)
248,1571470.9200802958,1582002.1951339825,1582002.1951339825,1582002.1951339825,1582002.1951339825,1587268.16113831,1588438.9246447156,1588438.9246447156,1587268.16113831,1576229.6044169532,1576211.050808458,1573415.0525149787,1571956.9439575886,1570061.7966639902,1570006.0589348886,1567628.3215100947,1566160.4952982832,1568519.656887845,Bonaire (Neth.)
249,159190.69745802868,171961.67117684812,171961.67117684812,169639.60992690985,169639.60992690985,167318.586957879,170800.84815603332,171961.67117684812,170800.91744325863,168478.47561254256,168405.9155208877,168405.9155208877,166083.9925878831,167099.8673855572,164777.80613561894,168260.93257365905,167099.8673855572,165938.87132372078,Sint Eustatius (Neth.)
250,18.12577788206501,18.12577788206501,18.12577788206501,18.12577788206501,18.12577788206501,18.12577788206501,18.12577788206501,18.12577788206501,18.12577788206501,0.0,0.0,0.0,0.0,0.0,0.0,0.0,0.0,0.0,Saba (Neth.)
251,244511.58366002777,244511.58366002777,246717.73252772636,247820.8234325012,247820.8234325012,246681.5474879719,246111.8831737502,242124.10135516344,239845.32123489195,236381.9582603379,236381.9582603379,231218.7121092545,220204.8259810904,211017.7754219421,209878.37658512112,207138.5976371953,207138.5976371953,207138.5976371953,Sint Maarten (Neth.)
252,176082.42500799496,177240.77977030975,177240.77977030975,177240.77977030975,177240.77977030975,176082.56664737922,177240.77977030975,177240.77977030975,177240.77977030975,176064.48880739274,173748.09799550078,163323.56890663737,171431.45924236806,162744.32071115202,162165.15217777315,162165.15217777315,162165.15217777315,158183.56325824102,Saint-Barthélemy (Fr.)
253,270610.38600732794,279578.8012082162,279578.8012082162,279578.8012082162,279578.8012082162,279578.8012082162,277300.4777847672,276161.289699477,275022.13677630946,274985.9726332758,272671.7666586612,254339.09713265067,264553.077726681,258713.0609815711,258676.89739670863,258676.89739670863,258676.89739670863,258676.89739670863,Saint-Martin (Fr.)
254,13699958.72349751,13688692.047592595,13722826.958154948,13755231.662201917,13751318.45158449,13775966.322679617,13735218.6055585,13832672.922200074,13857236.144791195,13836406.529195432,13814428.873797424,13775581.79880819,13828159.67440234,13828788.156676296,13817799.10589819,13890935.305741724,13891465.741353678,13932006.643939218,Kosovo
255,283179.9101041933,283109.3070356857,282411.37479253166,282327.2362455393,282061.36707386875,281253.1234410179,281245.27899995167,280915.5155045243,280585.70883935667,276339.6675793428,275398.89168861863,275203.2345531369,274637.96265000466,274230.210543471,273469.50501934765,273469.50501934765,273320.56670293736,273344.1343350323,Sovereign Base Areas of Akrotiri and Dhekelia (U.K.)
256,26906672.701181088,26906612.888481267,26906561.065390147,26906518.200337537,26906414.5733239,26906371.711062443,26906328.85385248,26906302.70741885,26906164.222408824,26879551.365814105,26879030.235084213,26878768.210167058,26878286.17967676,26878150.11244548,26878484.47253901,26877907.301316977,26878047.339367487,26878319.566523787,Western Sahara
257,49024587.39516108,48955907.394658566,48629725.92924208,49032185.35720128,48510947.860741615,48919805.29496912,48921821.78020145,48889366.03108135,49017762.03268973,49198367.44512082,48764813.17070087,48846674.33618044,49135234.74052978,49163434.51094842,48867415.85195093,49172354.85931344,48750818.08796001,49215177.85410266,Abyei
258,11849874.068908555,11871916.180098262,11890522.178760946,11947402.86761668,11943163.719882663,11912330.536610257,11940424.493808098,11936369.829480313,11950941.468408396,11923843.31750498,11919789.01602444,11926297.175495138,11932274.70357607,11936147.833001047,11936147.833001047,11946231.317700597,11956397.71012999,11953176.743810402,Falkland Islands/Islas Malvinas
259,2291391.126796856,2288422.163046191,2283955.365655067,2284809.582168965,2284809.582168965,2285081.888112293,2285098.966524977,2284841.8637855914,2284817.882921672,2284080.99937899,2284521.0032818266,2284496.7622374664,2283436.356176457,2284190.799044158,2284166.2808004706,2284367.5183277265,2284759.142959892,2283876.2406582595,Disputed Area
260,8745392.209113654,8747605.66200346,8747376.338146355,8751544.295735301,8753428.21179702,8755541.227378134,8750181.16258525,8758648.125393389,8758864.89987968,8730126.722584574,8732920.884747887,8741499.169696484,8749850.828937221,8750507.721743047,8751699.73606991,8704958.141171087,8688471.797914578,8578710.773914171,Disputed Area
261,567200145.1973677,569053374.7508134,568352165.0482069,570055164.768823,571110397.1358365,571786855.5882676,570018440.6863191,572635119.1283426,568979841.187158,568961862.7843277,568511512.7753654,568342975.4640859,570228274.0817102,567766624.2315499,568547893.1643395,571575860.4123015,570510679.0473783,568091642.2659353,Disputed Area
262,168988.68361973242,168915.73619134497,168915.73619134497,168907.63487247544,168842.8389023125,168834.74643565746,168745.69077900558,168729.48718575953,168680.93550093228,168680.93550093228,168040.77332688283,167400.5658549401,167254.8239148097,167214.32448905846,167165.756996028,167165.756996028,165496.32545467827,165480.1410005913,No Man's Land Area
263,410169.9173598035,410052.9122717237,409677.854672626,409123.45409932296,408959.496832124,408764.3320830097,397116.21651672287,398193.2628779257,398130.8757727248,397420.625448223,397381.5993702573,397381.5993702573,397538.0840050753,397109.1142243421,397109.1142243421,397374.5448803568,397670.9128741516,397670.9128741516,UN Buffer Zone in Cyprus
264,14603709.87334791,14527654.071621416,14516385.194967669,14482405.84475474,14157394.22605726,14062312.064740418,14150917.035241287,14292984.351937655,14254399.694630172,14166376.97114724,14160135.179842863,14230662.67022549,14154734.207577698,14157746.301166983,14157432.105528468,12962201.228718556,12933184.600622412,12860822.493207088,Kuril islands
