GID,Country,2001,2002,2003,2004,2005,2006,2007,2008,2009,2010,2011,2012,2013,2014,2015,2016,2017,2018,2019,2020
0,Mozambique,5319092533.61049,5317284529.08187,5244030438.9123,5286413165.76918,5203222279.41256,5248934495.74879,5238403923.24259,5153203283.67796,5259241369.94061,5131003446.13927,5270840169.54603,5183878195.57839,5186572459.01729,5212874441.57086,5215660691.00021,5240326241.37715,5291443119.78726,5220494039.57464,,
1,Mauritius,510323.502528562,510456.977990768,516794.583000701,516972.761145469,516080.451326945,516570.863521181,516079.996549051,515142.961809338,516081.282000745,517375.046319065,519784.997896877,519963.32156332,520007.398072581,563467.449658534,562351.761331286,564938.105274445,565116.695602713,565339.573937767,,
2,Malawi,369486679.348722,368769190.640694,364084738.151884,371283717.935662,364550358.213913,373220703.01104,371801265.363248,370827179.341281,377019915.174795,365480771.019877,372369410.621765,366550229.79672,371302861.325741,372122289.91014,370964538.59596,370339927.570554,379311978.103018,376592319.127678,,
3,Rwanda,33958722.2340363,35400022.2853305,35597300.7628411,35820086.6858904,35636608.4763509,35776562.1522722,35791796.7353198,35797979.8257534,36041577.329688,35911065.5660944,35951791.9173508,35809153.2502571,35775314.7233568,35577262.1911139,35669020.4354048,36116646.6932838,36219559.8687647,36508102.4509373,,
4,Somalia,2002797541.12204,2001607623.21695,2001011223.67784,2002578978.17872,2001522128.92131,2001199242.63388,2000406735.03758,1998493568.46424,1997749774.03352,1995705850.57608,1995553195.29883,1995745490.05761,1996086158.98237,1997245710.83483,1997153308.0537,2000468321.79044,2000672824.27739,2002978380.58263,,
5,Zambia,6322663135.42518,6292054777.78553,6118931037.17051,6151645958.22909,6085512566.89054,6258561904.61329,6212734184.73933,6159218114.81672,6345289333.52416,6150540246.93335,6204418297.02326,6179981734.94403,6171390650.03477,6197602666.45985,6110494468.30773,6156733848.54266,6208076900.99641,6226894491.56674,,
6,Kenya,1736639230.90012,1737146249.65201,1733244978.84459,1740980963.35281,1738158688.57433,1741414739.66451,1735637282.87277,1736032347.13646,1740005498.2033,1737593824.13698,1740191731.40222,1739410848.22718,1739347843.07398,1739272431.62938,1737449269.39618,1748283261.34953,1751461686.63583,1756511763.04833,,
7,Madagascar,4027026051.64839,4040018035.03543,4032783352.60093,4045031532.07786,4023795441.35755,4035849459.96519,4032790184.75361,4046068228.6781,4032197723.62208,4009406395.81529,4013759225.96541,4011253260.49014,4000204293.5486,4009911657.13032,3997263461.98302,3991228474.04519,4001255756.79668,4002917197.44791,,
8,South Sudan,4926084484.27391,4373047179.92949,4260241200.72315,4314002677.99873,4186213355.2057,4522263984.87598,4361813014.25518,4311267097.19262,4345090615.67818,4462650733.16594,4330407961.27728,4418709780.60401,4422065674.74674,4337745176.65607,4489211972.6949,4299291679.2468,4367012653.95897,4310010248.42898,,
9,Seychelles,384707.611460285,385038.933229165,386463.65215408,386463.65215408,386463.65215408,386463.65215408,386463.65215408,386463.65215408,386463.65215408,324976.019604199,322108.766502141,314264.98997189,322800.754783146,321375.723078912,321375.723078912,321375.723078912,321422.586629397,321375.723078912,,
10,French Southern and Antarctic Lands (Fr.),741394.511001449,744424.744414968,745715.121233449,745715.121233449,745496.191196876,745058.374642159,745715.121233449,744401.584532442,745277.293798854,601186.767302764,655813.76902243,588697.255650418,575539.987063102,598104.785400429,612368.135294687,586844.579336241,608847.450106193,623127.494457753,,
11,Tanzania,4742558387.60079,4796911259.95824,4637401921.35164,4684158872.49569,4603109726.19379,4758511674.4873,4734944210.39695,4731221472.05567,4695058241.46068,4677671997.74025,4720067395.17167,4692116371.46907,4753548464.59336,4790500880.94767,4726348117.57061,4791067423.03537,4825144545.73669,4891057744.97389,,
12,Uganda,1127363241.32678,1101381692.87659,1051483863.80725,1091922573.37845,1017605152.83107,1166906814.20784,1064217212.72471,1090169229.3339,1135376618.34766,1091940167.66932,1147579335.34837,1105938282.4276,1125876854.79564,1135388869.8389,1129570745.23439,1101016215.95303,1122898838.96959,1154542491.02997,,
13,Zimbabwe,1384143555.50557,1387296757.67266,1384524164.15305,1371209037.3533,1372700475.8399,1382700065.91753,1368112667.57792,1363345594.37946,1371182488.47941,1366507695.63475,1364173488.94565,1370506883.90299,1385658292.88952,1385981669.08959,1371207804.86712,1397042870.58668,1402118633.89101,1400149018.96558,,
14,Ethiopia,3899210669.92006,3847391454.84269,3866258787.41029,3877316657.80648,3857808252.2906,3904385421.45805,3884354019.969,3917217921.23785,3914959514.13428,3914467050.26417,3915892696.69404,3906373825.75279,3917998573.13344,3939363526.50549,3919948573.00197,3932389892.35827,3956044847.47615,3973615655.5435,,
15,Eritrea,133447123.928841,133443836.264712,133429091.303213,134061996.414084,134124834.522382,134115201.734698,134187733.218408,134094697.53167,134176175.579246,131079792.060417,131030631.140949,131134107.053083,131263161.431989,131435560.39938,131404190.890363,131329029.374412,131395840.42544,132237357.856219,,
16,Djibouti,10416287.707131,10404311.3270526,10404888.4650416,10416940.6689165,10417551.1977376,10421300.0281482,10421454.493993,10423948.3833782,10426830.5286161,10407212.2410406,10406175.1606929,10405244.1539029,10404245.6857244,10406022.8696537,10405407.7809771,10410334.2727876,10415370.7551048,10474833.8881276,,
17,Comoros,16770485.1503439,16910173.0467825,16964378.7532897,17018656.9829753,16493601.5277531,16917749.995546,16929672.4333022,16864116.8277255,16937296.5006192,16756165.6545933,16723057.9008334,16683821.0497276,16638895.5448673,16535112.9093164,16496197.9541138,16423264.4523873,16487006.0642506,16376463.4623675,,
18,British Indian Ocean Territory (U.K.),7825.59631397013,7825.59631397013,7825.59631397013,7825.59631397013,7825.59631397013,7825.59631397013,7825.59631397013,7825.59631397013,7825.59631397013,7825.59631397013,7825.59631397013,7825.59631397013,7825.59631397013,7825.59631397013,7825.59631397013,7825.59631397013,7825.59631397013,7825.59631397013,,
19,Burundi,37183342.1403134,37172025.8323894,37421313.3191247,37658144.1875809,37633121.192154,37506798.6809113,37718800.464148,37611700.8854849,37709896.3642205,37510190.7753378,37549074.2424299,37418211.0267939,37300066.7283131,37306478.7024144,37351951.499529,37463396.8695975,37774981.160938,37735548.9046903,,
20,Gabon,3770838473.03272,4675011656.1441,4779341264.56842,4768071556.06217,4779131354.86721,4780003523.29905,4780016700.30756,4784163166.07744,4778644460.61133,4770131664.86721,4772747011.00112,4750092921.56381,4777933543.38077,4775203157.49829,4778427353.81075,4780126539.91902,4781227343.94217,4786425382.90286,,
21,Equatorial Guinea,429356224.804475,473861787.285522,483204284.127561,484897694.886423,486709520.709056,487822818.653904,487537867.565289,482612586.622095,482203141.95868,477485008.770947,480237742.584888,475815158.350544,482032086.111174,482356185.932863,485854696.247431,487809665.305342,483610845.248968,483512482.394392,,
22,Chad,1720183335.34113,1686432638.18885,1660990958.41478,1667957006.72558,1691821758.63783,1671874579.99646,1661853379.70444,1691972294.65085,1710433122.41367,1685439852.63605,1694625067.82618,1670248138.84001,1698803814.39343,1708392822.45632,1704621745.91394,1668006605.69553,1697698705.35694,1702952687.49134,,
23,SÃ£o TomÃ© and PrÃ­ncipe,10828892.6093699,9803128.45352039,14975462.8338215,12823373.2065053,15125548.9809558,15812556.0365601,13755354.1537535,15103079.5284,14099170.1265685,15042661.5039645,13129701.2204485,10867362.159459,13908571.4145961,12451428.5948646,13958065.7637728,12848405.9418352,12840868.9720039,12925724.3752426,,
24,Congo,5197880094.10159,5403434273.39302,5447523450.60342,5458422352.57397,5445146878.6644,5446103332.36361,5465937124.63941,5491029439.49457,5488004918.49965,5454271822.39428,5440112301.54955,5430543139.40602,5448531785.11696,5473321504.11182,5452488773.50843,5454458283.42108,5453914577.02433,5456306415.90635,,
25,Democratic Republic of Congo,35246223386.3648,35056837049.8894,34857304503.2903,34724444493.1997,34777920087.9854,34710428805.7719,35068778381.9674,34926933352.4758,34943565552.8742,34794944776.6274,34917852710.3845,35022184295.3238,34909785083.5809,34947809979.121,34867179806.9028,34876139819.4594,34758648147.5492,34890588491.3091,,
26,Cameroon,6334077426.97333,6297776133.50815,6200154886.23322,6368548856.28036,6229309158.66776,6352116272.25339,6381400850.62903,6344218381.9095,6376206856.23688,6352640957.3977,6402002156.71098,6421098439.45842,6428342910.48675,6446498742.22946,6474704558.07853,6436938413.64132,6451646003.91555,6459817940.23843,,
27,Central African Republic,7938441234.75969,7670277347.13492,7159269559.29317,7513059736.23166,7367139984.18952,7381911341.80665,7359095583.49846,7283892006.52412,7682593120.37009,7486448316.22049,7407785256.00144,7686473804.30057,7618201589.48854,7689243108.20437,7654283388.88364,7490347271.50814,7657148215.56806,7615129437.31077,,
28,Angola,11210764610.304,11127714000.1175,10903257770.4668,10917367438.7433,10922786107.3697,10951835811.3718,10971820106.8559,10998399313.7866,10974122482.3969,10929043109.6694,10926578552.9482,11017454391.1737,11039798706.5886,11066219204.8722,10999100239.3063,10997390585.6222,10855627955.8756,11234279260.7776,,
29,Morocco,286720587.868303,286833381.462338,286470188.528798,286861202.095072,286660267.495128,286686355.998439,287078642.895072,287395035.862176,288103802.474201,288107320.38133,288148955.069475,287973481.068518,288072880.301557,288260875.482818,288239582.092631,288649508.543118,288632158.892949,289099496.593244,,
30,Libya,195779528.971263,195757136.703554,195753518.453973,195739444.307009,195429728.317432,195373705.434551,195343984.90782,195334869.201066,195304701.799039,195198218.651145,195183779.530095,195193440.276401,195024639.759452,195160132.70951,195150558.984784,195165809.95082,195119129.813522,195184025.633571,,
31,Sudan,1887307061.75925,1865500181.93733,1858549249.04348,1863525611.85544,1865762516.44877,1877860053.00611,1872782124.53441,1876255311.36561,1886825164.13344,1895325019.44739,1884231208.60088,1885162235.87702,1889518436.01895,1901802835.74506,1907191957.70167,1890284098.59282,1897738744.25198,1910957641.6952,,
32,Tunisia,63683759.0908373,63712887.2792945,63687859.9517235,64080904.2721928,64054823.6503131,64144063.5522642,64247960.0006558,65063267.855208,65265446.1358717,65036195.5101685,65102143.9065482,65189930.1908495,65078018.8092037,65068159.4536246,65236816.6290179,65401261.9371651,65237101.7713264,65728960.8364754,,
33,Arab Republic of Egypt,202086366.610769,201911574.361069,201835977.786481,201852511.563706,201739676.673271,201668585.31981,201710459.519067,201470567.716482,201477176.592949,200887822.197918,200877435.239922,200862683.572429,200815854.061839,200616935.373648,200556827.893116,200474794.829528,200405546.136547,200454500.011308,,
34,Algeria,490650008.806895,490356321.495121,489181503.927975,489356129.066228,488398396.524764,489702885.223391,487706553.639428,491247645.02187,493387928.991372,494105943.525204,493619061.078561,491094636.640764,494353378.068077,493358958.9987,493926177.883654,494465384.076169,492584912.776465,495397453.430759,,
35,Namibia,1307724569.41713,1304107708.03004,1301166375.42906,1303866742.90381,1311245650.44452,1312473716.3763,1308838514.8789,1312250342.8459,1314691388.83807,1311893681.43356,1304612234.01782,1301051859.8282,1312658518.80054,1315641642.64482,1318890633.62232,1315480258.02458,1318782717.07863,1326371987.13583,,
36,Swaziland,57524619.183657,56203650.6006572,55532660.3456992,54593973.822825,54383461.7754215,55035353.5043175,53439407.383494,53938900.6300562,54321998.0527141,53593980.0589648,53670061.0822047,53829523.3226272,53488003.4557867,53654985.3151829,54169190.7805174,54385210.6948078,54193553.083693,54228289.6430056,,
37,Lesotho,44764814.3781458,44756654.8240466,44738677.5793743,44718610.8259924,44704399.506494,44709321.3888595,44671783.4733668,44686203.7033288,44675513.5080966,44660953.8247563,44644146.0199949,44642370.4234943,44603758.1713481,44569250.0736871,44569653.2720184,44505054.0652609,44534425.7698935,44678811.0868367,,
38,South Africa,3927566139.64894,3922450426.74957,3918271756.09025,3913821050.81814,3907050676.72049,3909461127.90799,3902379563.59984,3901184575.08597,3899277606.10701,3895653401.26973,3896345374.7246,3893626704.52193,3891513077.0968,3887082550.08783,3889454446.71115,3890297545.27218,3886258468.91224,3881700918.22957,,
39,Botswana,2474890617.87008,2479354028.01584,2484359442.08627,2485566408.58702,2487862755.19636,2483331119.80556,2486432377.89378,2476779381.16037,2489967982.59255,2477460245.70646,2467584492.00494,2481651318.77135,2481850081.93483,2486594495.87979,2487816301.50318,2488756263.21283,2484472879.75077,2491520130.10785,,
40,"Saint Helena, Ascension and Tristan da Cunha (U.K.)",9189.3788856737,9189.3788856737,9189.3788856737,9189.3788856737,9189.3788856737,9189.3788856737,9189.3788856737,9189.3788856737,9189.3788856737,9189.3788856737,9189.3788856737,9189.3788856737,9189.3788856737,9189.3788856737,9189.3788856737,9189.3788856737,9189.3788856737,9189.3788856737,,
41,Togo,442052090.702958,422805828.34456,424588340.759822,440870590.047067,412691543.715251,430280716.081456,438253326.851542,432634605.851339,432025505.081982,432397196.224406,416610947.412439,435638517.886452,436460048.951864,441436489.102085,430082899.449851,433075412.084755,436318277.753576,451133723.509565,,
42,Sierra Leone,550358825.936289,546837214.524675,537442982.235329,536482616.657489,533465152.904099,532825187.342204,523227610.037664,541551168.148667,552352733.669838,538372355.229672,538505522.787587,532666364.377946,530270767.279477,540559146.232121,534243882.401183,521599483.17263,532198086.498616,539108339.689936,,
43,Senegal,765173735.539525,750788231.474395,809828381.85836,770929726.994596,771212175.10767,761186106.716268,781985476.209721,780171326.147243,783493293.400405,776417773.77512,765686922.072773,788474752.222653,775512820.547967,763068335.983622,796553487.100695,765213439.408777,768187171.321634,783302546.210721,,
44,Nigeria,4632592870.65272,4557183287.22329,4500698194.30702,4678178848.18436,4488899678.41237,4640760765.95723,4652230007.15838,4622363074.39502,4681154914.86924,4558617030.8057,4620406495.19917,4607574001.91421,4571051426.82853,4602228750.78425,4591995756.68012,4538726993.01364,4636973369.78609,4718738524.11567,,
45,Niger,396861191.460802,395790497.031347,396349950.1115,396754207.120482,396864758.542729,396769836.178381,396752460.938748,396680281.973957,396620343.133283,396723240.671791,396964882.610718,397287651.775273,397361474.498486,397603782.863487,397604183.250525,398208500.079404,398646251.215198,401845973.810615,,
46,Mauritania,233115662.172651,232997472.981486,233139541.477726,233602416.480384,233454644.281831,232999632.896883,232986192.169046,233086163.555804,232569240.167581,231702204.364444,230584771.287119,230701042.589665,230693396.396799,230797719.909328,230797114.442011,230958014.710547,230907575.656556,231049227.463181,,
47,Mali,1227841876.82484,1209633842.02272,1222500967.97217,1212932653.75056,1205298884.23711,1214198098.78339,1222373469.55655,1213957103.14905,1222403545.38305,1222766210.70623,1217808911.6878,1229156941.26254,1224757442.71768,1220359670.8783,1235478103.32959,1204820393.55169,1228240890.97878,1242241544.9922,,
48,Liberia,1090798908.31861,1106375275.77808,1108365303.49364,1083334504.89341,1083063193.35791,1080960615.69724,1082138190.11697,1082694355.19798,1072916302.1281,1076940138.80652,1073162451.34817,1075919125.07631,1076148209.97362,1067663171.13131,1056203895.43722,1073770707.00088,1073348810.78856,1076237232.95955,,
49,Guinea-Bissau,351627451.196493,346790850.354018,348517800.918935,354694714.931009,359665551.43959,349537060.018725,354147554.28707,368685460.732318,365577701.930672,358292858.024343,361419943.46191,347998582.200342,359544312.641174,352016093.128638,347983922.917113,357734616.753486,355341507.135218,350940228.13818,,
50,The Gambia,42017195.8861045,41776172.3469837,43248638.1786416,43236769.0674218,42962876.5915218,42803342.75597,43337493.6150118,44074738.834989,43780412.8420233,41048306.2691824,40942203.4568546,42317279.4111456,42268864.940709,42601161.5124546,42529135.910532,42213094.3019587,42108775.2724809,42567989.7001669,,
51,Guinea,2746394569.24237,2653196556.90889,2695580917.24258,2743451591.84031,2672659111.97757,2698197982.45204,2728420604.93432,2691002938.71037,2720721280.69685,2727827186.56899,2710227891.9348,2663183518.52926,2681412921.4877,2709779780.57,2753557451.39089,2591977815.30447,2692957829.46322,2775510642.48491,,
52,Ghana,1533146585.48018,1454693198.94231,1419466763.92371,1534161894.54468,1415019334.41347,1446132624.88618,1482270213.32343,1496575669.26856,1521414466.85799,1519644163.42015,1445881363.65252,1511363353.9339,1471648310.3262,1497148173.75814,1479066801.33473,1513637021.82193,1513544730.96339,1550905008.72552,,
53,Cape Verde,237119.891611263,236936.360449141,236881.684071532,236863.446154042,236836.80290273,236535.750663909,235879.509120307,235241.259924288,235340.825535114,234886.09310458,234422.226076456,234184.829588409,234184.791347401,234093.790489805,234048.297475623,233791.34446733,233791.34446733,233600.277286266,,
54,CÃ´te d'Ivoire,2492222436.50955,2355037808.6274,2365609052.99674,2489113397.92373,2348126628.98725,2378052139.81976,2391889152.1761,2414555060.54938,2421911453.10415,2423106879.47581,2397356978.87916,2413651291.75193,2381690068.49869,2466049437.73943,2457079764.65444,2410220087.58177,2465474812.52268,2487480707.81188,,
55,Burkina Faso,507515020.881501,490882295.327873,493226945.658874,492207555.159495,487866367.832704,488711755.143656,487983435.056604,489144469.680674,488365338.445928,484670066.830438,486303900.264918,487224597.357688,486893591.990621,490822023.299739,493709746.580517,487023077.785241,490308125.576237,498255642.710846,,
56,Benin,815710328.617162,750696862.259671,776327539.815896,799763300.32402,745548737.150583,780400711.55706,781132966.9634,806357503.418224,798755190.764053,808690025.982103,797330691.408298,802659252.092972,798392977.839814,816583284.486777,813272567.395605,816602489.792498,835490427.803927,851577140.444454,,
57,Dominica,10830940.0927139,12013166.6391478,12244205.8188377,12301438.1401868,12305590.9752015,12306127.8317787,12252977.9420258,12295436.9541174,12272974.1531314,12304499.1199346,12223317.3894272,12280980.0879772,12066811.4536959,12185747.8964376,12238943.0580656,11996381.0789189,12175710.9167757,12038734.8375962,,
58,Dominican Republic,431386195.538995,432887893.733444,435762709.83355,440687842.97767,440387354.642904,442023862.502018,444116458.675994,446328502.843469,448048259.105501,447351723.365356,446569341.088818,446543556.887843,446243912.33955,445137863.558158,444525255.382748,445185169.460089,445164419.190319,445050249.364362,,
59,Cayman Islands (U.K.),2169280.60693506,2188671.52432991,2205795.03682528,2204553.32524559,2194183.81013323,2187289.89225688,2191466.86996842,2191370.31811429,2186691.86779412,1919631.92162463,2104027.51148166,2009467.97161103,2050556.55469932,2051438.43556017,2051346.03548722,2037646.0661805,2036321.08726827,2039898.93398056,,
60,Antigua and Barbuda,2835321.04288142,2848085.65753428,2883179.22832361,2908748.90648419,2904103.66782451,2898744.07935881,2908458.19172453,2908045.79621897,2923579.70385872,2881003.28425371,2870063.61916328,2855456.53404818,2886339.31603886,2689098.49301848,2690116.96728745,2684352.34476573,2686815.10892692,2636134.2558314,,
61,Cuba,821044227.76884,820553001.338465,823247316.852498,820245503.710648,818673508.26812,818965372.274071,822391574.927245,823254386.766921,820514639.158301,807182429.924945,806503792.284218,807971180.288052,809664187.371433,809784473.796068,808256034.412301,809053215.552319,807349218.080657,808227429.664433,,
62,Grenada,4347230.81028928,4925641.4992239,5080695.05963856,5078317.58105313,5077711.25078567,5070063.67987653,5068890.02542783,5068143.18644501,5056319.52823585,5068764.91030465,5053400.36229492,5054424.12070972,5061476.90846905,5054230.77480621,5057816.63415179,5053050.02080928,5030025.73148767,5058713.17199189,,
63,Jamaica,149898366.406583,152181326.556726,153104245.750451,152722821.595674,152417274.353493,152268134.532406,152194051.925578,152075171.332464,151742244.94144,150923801.78352,150932315.977074,150545068.583721,150241635.827931,149068447.510182,148985022.569023,148882692.363658,148739812.484705,148513143.085571,,
64,Saint Kitts and Nevis,2446439.41203879,2728829.15939974,2731206.54915233,2731759.06074323,2725359.63817376,2726494.06606217,2728764.31129431,2726332.08288209,2727439.18303763,2711486.73559194,2713176.40583689,2703655.31005576,2688586.23579751,2650181.71961726,2647186.87276731,2649528.08709492,2640111.47039841,2637481.34636766,,
65,Montserrat (U.K.),1028846.96627955,1111147.19765488,1168392.86276576,1166616.09971759,1168484.51932964,1153166.04040107,1164266.85329036,1156124.46861687,1130462.83805673,1101505.3333213,1160415.41279006,1138170.92808081,1152752.00879285,1160743.69376505,1161808.28590631,1149578.98559782,1157074.17655977,1164294.6384944,,
66,Turks and Caicos Islands (U.K.),4460404.52905313,4449622.61277031,4462389.89302228,4467484.15376801,4456129.79343619,4456686.90330886,4452725.39873983,4435016.24380439,4418823.41585841,4317170.73957117,4235638.32989953,4257102.50100263,4320224.81357191,4294690.71084102,4277676.042966,4282337.42749093,4264167.63664277,4293948.21576715,,
67,Trinidad and Tobago,76010628.0296217,75940225.5847791,76544105.6789763,76523019.5774964,76434943.9056463,76408811.7480661,76183267.4588332,76208156.5416486,76064846.3171356,75415930.7995815,75673240.8160191,75566612.4369027,75768279.9423747,75503305.4657367,75474868.5219511,75146986.9453755,75124292.2834953,75082871.0808664,,
68,The Bahamas,105915305.365581,105769715.718508,106381074.753282,105849554.877153,106818198.534787,107057763.797894,107162017.858429,106023049.797879,106860195.740738,102553015.138503,100541281.53682,99475775.6708275,101066714.312138,102615502.141734,102208653.737064,101334930.461084,99366044.9561975,102088325.821976,,
69,Saint Lucia,8774931.26331983,8886009.68069208,8902580.26824995,8901398.29915145,8900216.91071903,8890740.47675849,8869451.83548206,8896625.99523227,8886035.71575756,8891370.13176561,8869594.47050742,8856899.17910488,8866329.72637316,8857263.44245002,8855446.71593798,8846259.22055525,8846259.22055525,8846259.22055525,,
70,Navassa Island (U.S.),947.529170444637,947.529170444637,947.529170444637,947.529170444637,947.529170444637,947.529170444637,947.529170444637,947.529170444637,947.529170444637,947.529170444637,947.529170444637,947.529170444637,947.529170444637,947.529170444637,947.529170444637,947.529170444637,947.529170444637,947.529170444637,,
71,British Virgin Islands (U.K.),1131211.46086878,1122114.07414093,1126059.44543589,1122648.91144464,1113517.45392413,1103176.18927318,1112271.44395767,1107155.58918445,1103744.28401773,1071093.74287671,1048423.42946913,1027126.14935912,1024298.09547,1012858.05664944,992103.05261713,994378.029471484,992103.05261713,994378.029471484,,
72,Barbados,1582668.39331273,1574227.26761288,1573060.86669356,1570645.59734344,1567304.14122231,1555335.99257743,1547718.01410908,1541220.20143565,1534315.27113886,1525439.93433234,1512520.77896404,1509243.13121841,1508482.77882403,1498153.86471059,1488852.53960656,1488852.53960656,1488232.26731821,1488232.26731821,,
73,Anguilla (U.K.),195094.296991422,195094.296991422,194525.303658472,194525.303658472,194525.303658472,194525.303658472,194525.303658472,194525.303658472,194525.303658472,193243.005692981,190985.107461449,183883.076198686,190966.220414485,190930.08540715,190930.08540715,190930.08540715,190930.08540715,190930.08540715,,
74,Haiti,146081596.975574,146277987.246744,146268543.473077,146249392.727365,145823511.101477,145425306.16122,145501178.796364,145088767.150085,144869225.48017,143660499.952813,143608836.942843,142926198.061723,142848464.452837,141705010.505268,141605257.474263,141260813.397249,140986051.655562,140852687.224991,,
75,Puerto Rico (U.S.),112829185.595827,113764157.850196,115352053.371524,115774041.71748,115933783.05431,116200188.84357,116506646.021014,116892957.931433,116914773.414596,116587985.611327,116436288.551631,116315435.908548,116126941.372832,115306605.08121,114961535.556283,114920520.41318,114831589.970327,114764148.076004,,
76,United States Virgin Islands (U.S.),2695199.618702,2702389.61587446,2740422.00537753,2752137.5667577,2741589.18953353,2721581.44870466,2729928.79365369,2723297.2037528,2719789.75252219,2688816.84438337,2688242.26262994,2646696.29693502,2645869.775781,2627889.33668338,2625009.51552464,2618913.91620832,2615217.87447176,2608922.45381992,,
77,Aruba (Neth.),651114.286296993,651114.286296993,651114.286296993,651114.286296993,651114.286296993,650622.661474802,650622.661474802,649602.136029452,648015.670731506,642188.271921963,638940.774548864,635712.489399178,625163.559488842,598463.556302838,593007.839575021,593007.839575021,564573.672689289,558284.018501565,,
78,Panama,754376943.092064,839495075.7643,891590363.030415,884176555.219543,892964453.081517,869656184.34352,890612955.6627,894350910.521885,857347854.590517,778103546.856289,802724287.599068,784052536.311316,801052221.840215,793042268.010314,794612664.4222,804510742.214261,819509678.399297,805329760.626448,,
79,El Salvador,201924180.674092,202456911.440006,203366662.381779,204811856.869642,204717754.125718,204629673.937515,204936385.138691,205058530.408214,205402470.369793,205156068.32264,205191436.736666,205121822.06441,204316576.690991,205172105.891702,204294920.198995,205221466.573898,204165413.904472,204541315.169208,,
80,Nicaragua,1488823107.20707,1502123561.62017,1488052934.32117,1493521227.70932,1482934593.86628,1490097720.37028,1486940968.00044,1485156293.80236,1486124543.73668,1478770821.45409,1480656877.45144,1482340380.8121,1479023451.16979,1479559421.15334,1484004010.39905,1478553420.17565,1481696989.42502,1476833008.12904,,
81,Mexico,12697859399.2764,12667406802.0092,12626811845.3336,12686991335.6496,12631192325.7427,12652926163.4582,12653226872.1741,12633242042.7012,12632691495.1375,12421747537.8976,12341682922.3028,12380808912.6485,12373174860.0203,12414745338.4863,12399444063.2209,12393817794.2189,12372767154.0374,12388586036.2419,,
82,Honduras,1357461790.59633,1358185439.63985,1331123329.94286,1362795494.74831,1338444456.41428,1355091984.01719,1355788645.76392,1353398505.74494,1349749153.48405,1350168463.95569,1336129384.6148,1351014336.22545,1342041412.73266,1338251380.07407,1344680203.39753,1334198192.38952,1336361732.86218,1328611934.83752,,
83,Guatemala,1192551044.21807,1186300170.20069,1158936968.71753,1175971476.07871,1160217901.82069,1169107497.90366,1162761070.97642,1165111403.04283,1158008408.3935,1161380527.22613,1161280550.8018,1161213461.28149,1157170776.41664,1162177040.50044,1158340038.40929,1154896426.01089,1155582051.57364,1158690430.87643,,
84,Costa Rica,623707339.900589,630234292.358969,645912866.158901,645862987.918826,646747785.306251,650364390.227773,653977540.52172,655310522.636341,649429828.99688,644936941.137645,653998432.103967,657948063.610108,658011422.194309,664878731.425222,656457691.557714,660583698.027331,667776253.540091,663183859.89782,,
85,Clipperton Island (Fr.),0,0,0,0,0,0,0,0,0,0,0,0,0,0,0,0,0,0,,
86,Belize,294826201.882143,294091345.743593,290359488.265985,293976662.636756,291932573.999943,292442613.662073,290897495.274966,290767424.024362,290866300.825711,288534456.804075,284370334.613021,288466215.271338,286545472.650304,288276931.804273,287647243.47073,286934418.964512,286217325.39476,286343499.739282,,
87,United States of America,26925609307.2846,26869197085.1648,26847691107.0523,26856070571.3855,26839860104.8971,26857671000.8818,26812846986.7295,26812632232.9463,26760508663.2319,26697077038.4724,26634397420.4114,26653889768.3343,26583541859.7813,26581349773.183,26558638796.0973,26564728186.2822,26535765408.8175,26426468881.9175,,
88,Saint-Pierre-et-Miquelon (Fr.),302141.57936652,302571.870196584,301467.008828836,300087.231722897,300948.662507273,300945.529126051,300946.8084448,301568.020189945,300919.778895211,294095.333788718,294831.836608729,295606.721221659,295391.569487096,295391.569487096,295391.569487096,292370.902308923,292370.902308923,292963.836448757,,
89,Palmyra Atoll (U.S.),0,0,0,0,0,0,0,0,0,0,0,0,0,0,0,0,0,0,,
90,Midway Island (U.S.),0,0,0,0,0,0,0,0,0,0,0,0,0,0,0,0,0,0,,
91,Kingman Reef (U.S.),0,0,0,0,0,0,0,0,0,0,0,0,0,0,0,0,0,0,,
92,Jarvis Island (U.S.),0,0,0,0,0,0,0,0,0,0,0,0,0,0,0,0,0,0,,
93,Johnston Atoll (U.S.),0,0,0,0,0,0,0,0,0,0,0,0,0,0,0,0,0,0,,
94,Howland Island (U.S.),0,0,0,0,0,0,0,0,0,0,0,0,0,0,0,0,0,0,,
95,Greenland (Den.),84879957.8727642,84879957.8727642,84879957.8727642,84879957.8727642,84879957.8727642,84879957.8727642,84879957.8727642,84879957.8727642,84879957.8727642,76354329.4301371,76804770.4584594,76150246.622237,76890067.308251,76850216.2155255,76870519.224953,76816068.7400183,78822271.4956898,76859992.2593027,,
96,Bermuda (U.K.),483.482822652572,483.482822652572,483.482822652572,483.482822652572,483.482822652572,483.482822652572,483.482822652572,483.482822652572,483.482822652572,483.482822652572,483.482822652572,483.482822652572,483.482822652572,483.482822652572,483.482822652572,483.482822652572,483.482822652572,483.482822652572,,
97,Baker Island (U.S.),0,0,0,0,0,0,0,0,0,0,0,0,0,0,0,0,0,0,,
98,Colombia,12589224558.9591,13219281228.1936,13456471753.2238,13428933438.8116,13383599268.7811,13399650257.5074,13423135412.313,13306930085.0452,13424720061.0257,13438046722.1064,13326776761.6466,13357643563.2706,13104766024.9155,13344761053.8651,13429136887.7939,13312990531.3318,13428359929.3707,13262373091.6034,,
99,Guyana,3395219969.90682,3405341893.41428,3405561617.73462,3392408892.7013,3392948631.98421,3393087754.36193,3391291077.43239,3393444590.58374,3391330167.96523,3390492229.64671,3390902157.25877,3389497191.25875,3392731528.91192,3392436543.88277,3391735447.47933,3391826628.88146,3392712705.91369,3392554698.87888,,
100,Ecuador,2285262386.34167,2338272405.05052,2511644993.28084,2556105456.80613,2564949813.85247,2557155832.39117,2476332711.20837,2554386254.09651,2562438229.39188,2462308858.5882,2588583851.72374,2592512647.63845,2404395869.82467,2364042956.1913,2546912036.77309,2587920308.94165,2639629428.86188,2494736940.85338,,
101,Paraguay,3570438765.11898,3528848384.07796,3524131234.05152,3535936437.03928,3496788977.90154,3486983724.20903,3420303108.2013,3437714301.27292,3409297103.15195,3341820048.9877,3318189448.60432,3310226445.18441,3288402365.10652,3290439043.61804,3288818440.55232,3263633539.3059,3211626652.19547,3240696218.11155,,
102,Suriname,2327172660.88436,2326703753.18872,2327526058.23387,2321765271.55848,2321378372.79866,2320823939.58333,2319979172.93345,2321213235.72529,2320539556.9722,2317709863.52731,2317654760.91617,2319303377.6291,2319728278.20845,2319673911.13083,2319553324.79649,2319654231.71812,2319719678.46649,2319543278.18621,,
103,Uruguay,473579451.317192,473574438.213653,474236979.565883,478210280.710637,480262794.022639,481604528.048316,485108811.299159,484857593.550055,486041990.80074,487057698.063195,487588736.623354,489980209.108637,490372661.074056,491697972.58618,491542658.961507,494869685.328686,494854921.287375,494325029.520456,,
104,R. B. de Venezuela,8849649014.47686,8943335101.91019,8913900992.51435,8909580515.17776,8905549263.77469,8906379749.57104,8916356913.96836,8912166728.22689,8938426259.59799,8913965280.14193,8895912960.83741,8898370347.94152,8901673143.0282,8903925747.91487,8914179126.80735,8905719916.13045,8900886356.98823,8895327742.85126,,
105,Peru,13759611671.4476,13975646359.4384,14107103756.6133,14083349036.1975,14099744926.2079,14111118296.2349,14077744558.0756,14072764451.376,14039442244.1916,14124412217.0587,14081036519.9102,14108919039.3036,14079477883.6468,14097783261.407,14043633329.4301,14118585757.3355,14081488577.4097,14099749006.5486,,
106,South Georgia and the South Sandwich Islands (U.K.),39792.3785492367,39792.3785492367,39792.3785492367,39792.3785492367,39792.3785492367,39792.3785492367,39792.3785492367,39792.3785492367,39792.3785492367,39792.3785492367,39792.3785492367,39792.3785492367,39792.3785492367,39792.3785492367,39792.3785492367,39792.3785492367,39792.3785492367,39792.3785492367,,
107,Chile,2712237844.15638,2754630664.57426,2772587344.45177,2782662180.94073,2784741872.7769,2786338993.31564,2774732481.45907,2782890774.00831,2764076090.35612,2769454374.09097,2760224530.10314,2768558162.00161,2770091851.50715,2773300003.05282,2762790611.83135,2766908793.69456,2746527639.18484,2750793595.70148,,
108,Brazil,94679063902.8088,94396380066.3773,94308479653.516,93163000839.2266,93006268195.9708,93158215478.7868,92770344885.5751,93136002317.9306,93162486375.1929,92583508331.5983,92909201151.2312,92741945136.143,93005968467.2418,92919719890.1556,92749361559.8244,92879409803.8948,92764457277.6663,93018717922.5083,,
109,Bolivia,10437226383.3526,10379303491.3107,10456623861.234,10191223180.1587,10248602479.2197,10272341057.1546,10221508338.5965,10291063972.3939,10307932687.035,10041069411.6175,10224125380.2277,10268668815.5957,10291218690.5711,10283870063.7939,10264682501.659,10239479706.6653,10257571957.5731,10229694097.8311,,
110,Argentina,11125386528.4515,11095862998.5781,11018152324.8412,10968300704.2515,10954667555.9978,10931161437.4383,10893471212.1949,10858229888.4733,10843719321.2683,10769404176.8256,10781518690.1551,10780129543.8401,10752134264.965,10777015819.8608,10771630838.0947,10793261802.8286,10743172187.8665,10777980993.1019,,
111,Heard Island and McDonald Islands (Aus.),0,0,0,0,0,0,0,0,0,0,0,0,0,0,0,0,0,0,,
112,Bouvet Island (Nor.),0,0,0,0,0,0,0,0,0,0,0,0,0,0,0,0,0,0,,
113,Turkmenistan,116055557.888011,116158857.858687,116265539.895609,116465549.955901,116447947.673523,116481210.890384,116545826.376054,116609909.640119,116644581.344389,116433407.291535,116427292.351764,116481814.213109,116455884.187521,116493233.236532,116383080.781871,116458419.316106,116421146.449141,116390320.893753,,
114,Uzbekistan,138362088.428755,138557783.558817,138906892.721098,138915626.705691,138621209.080501,138492678.301431,138340816.122975,138136654.619939,138360554.025231,135472757.02339,135035218.878843,135518814.481622,135348436.158701,135891490.09883,134768271.787078,135085838.219783,134871767.78204,135347502.76198,,
115,Tajikistan,76266419.8020675,76310883.8836837,76326158.9423812,76376194.8011459,76365940.145078,76394619.939831,76343197.966756,76390671.1738939,76401506.145972,76215088.9007812,76172940.6957828,76127744.824538,76108674.4753622,76085814.4476169,76071484.140182,76030251.2246811,75990264.0783922,76023237.5013881,,
116,Kyrgyz Republic,183481889.899246,184551857.249331,184802254.227441,185514588.435341,185195826.53532,185102931.411226,184775534.812769,184354658.753617,184170536.767318,183340213.187482,183209512.139637,182786550.911523,182032305.66668,182078484.225859,182073789.502886,183970288.006879,184658662.251332,185509030.437308,,
117,Kazakhstan,1036263408.17875,1039047884.23496,1040458698.76122,1047464575.20587,1047696252.54896,1048540789.31599,1049885962.90788,1050518144.41692,1053893755.91919,1053371977.93869,1053743138.17474,1054166840.06209,1054605124.63225,1056475159.65017,1055740450.77657,1058106291.28408,1059282263.05618,1065192557.61971,,
118,"Macau, SAR",14641.5656755295,14527.022822871,14527.022822871,14527.022822871,14500.600750421,14456.5265119864,14412.4488786167,13817.4110191779,13773.3376297337,12032.4294938333,9211.5509119974,12449.8908201441,14345.5852507955,14345.5852507955,14345.5852507955,14345.5852507955,14345.5852507955,14345.5852507955,,
119,Mongolia,625489820.421008,621835935.629789,623694831.265727,623875380.200004,623163387.567585,623113612.793283,622212091.338232,623567574.319163,620991162.702772,623750374.310362,622762150.15302,620786827.524886,618095396.992587,618060759.536418,617704506.667177,624198122.17081,626018224.845575,630378112.608909,,
120,Taiwan,251084205.434364,252072227.589819,253342894.944431,252866011.680527,252547780.075486,251946441.107863,251553923.756298,251151349.945486,251481490.446083,250073360.969052,249808336.47068,247779650.840362,248501902.702066,247336023.920454,247555275.54523,247207914.156453,247273062.605779,245778479.611944,,
121,Republic of Korea,148385801.931197,147960808.195319,146595288.517728,145759452.14121,145208401.978241,144810767.996055,144402247.028749,143755996.848418,143351033.65111,124009925.525213,122891101.921312,122568810.053873,122206211.10376,121767946.879419,121739700.961926,121991655.978839,121861565.541063,121953751.137711,,
122,D. P. R. of Korea,128097154.52514,128188379.80366,128279397.317817,127708946.319476,128051063.635119,128266652.787653,128220503.593266,128083212.057157,127596935.531237,127744463.102011,127320383.480123,127366985.935747,127417655.20199,126665662.590098,126823941.077556,127100485.386668,126998777.14493,126663396.039424,,
123,Japan,1994836374.59337,1994601456.3565,1994295579.92576,1990850382.24253,1989460496.89057,1989120364.2209,1988034764.66706,1987618767.59284,1987319127.01518,1983314855.53464,1981901949.90486,1981433357.45973,1980458103.39006,1978891761.77295,1978504700.38556,1977700181.59907,1977043499.74577,1975625567.52639,,
124,"Hong Kong, SAR",5126725.71291357,5148300.45669607,5185111.80866198,5228916.59359139,5248733.30577021,5238746.70640517,5268292.53884268,5266786.44500365,5235191.35034287,5242593.07710763,5223605.57727449,5221943.15740689,5211970.93083798,5216145.38719382,5222453.45193955,5212910.27496162,5225364.79935982,5218954.50486602,,
125,China,18353146331.9701,18351851414.6228,18338440699.9312,18370958328.2817,18349144502.8142,18363083553.9974,18351922881.3722,18323123751.0031,18310685925.2397,18257672120.5547,18264419135.4628,18221786488.345,18241807613.3964,18238620030.8861,18238267441.7594,18318470412.733,18338125461.5472,18340287075.036,,
126,Myanmar,4285042916.96093,4270741537.30239,4225129729.97269,4184170881.25489,4220677550.90182,4226068465.98734,4178022104.72034,4228255321.59869,4168519632.63828,4071245274.2732,4121343743.96519,4101599732.17686,4119423439.59175,4096871314.24851,4100960458.29412,4154848763.04037,4151172883.04293,4159513512.68819,,
127,Cambodia,978833319.264806,952000291.458958,945163487.715053,926578855.437119,959329196.725348,926207583.803307,925720705.331281,926987787.337222,921784597.95232,923246782.013081,899276017.089459,912045359.27151,904374356.934576,904869361.270147,896231564.456162,912557804.055115,898050219.218641,898989294.506375,,
128,Vietnam,1781730772.71997,1771662557.35415,1767935128.79142,1764564263.3428,1763273335.07624,1760866590.81132,1760950637.44815,1765093536.21829,1759090540.28746,1655160078.05938,1644028475.178,1646072564.74547,1651800308.88855,1645240640.75074,1646286214.15097,1653898085.50648,1657035393.24804,1654722275.42299,,
129,Lao People's Democratic Republic,1731883757.44692,1718480961.51174,1713472875.80956,1693166745.67018,1700824596.68962,1704515539.35009,1681706363.56386,1697422832.38191,1688433644.04109,1673460663.11791,1686040639.37884,1682509279.85871,1680033012.37979,1678891928.64955,1679636554.34056,1674766599.77028,1682579873.53141,1677579854.65072,,
130,Malaysia,5296665074.85252,5329516823.69792,5333171729.3428,5330406499.98641,5321135765.52308,5314034825.8497,5304814069.2034,5292217162.16419,5280919462.80786,5101718918.29358,5086566532.11571,5084736386.11165,5082101754.83391,5061394873.49036,5061797686.33945,5036551036.00345,5021406974.46999,5010517072.3899,,
131,Thailand,2075630188.4185,2064081813.84996,2062327107.93095,2043190064.36334,2052351914.49753,2057986008.09048,2043547562.52361,2057896943.25018,2053358082.58796,1959108835.9744,1966320974.71614,1959248361.893,1971174148.90264,1965448365.0956,1968394773.44592,1980250283.67585,1977134394.69175,1985997033.87146,,
132,Brunei Darussalam,116866467.721802,117011438.725139,117316672.559413,117534210.89394,117508783.363671,117511516.612882,117615395.735216,117642255.034646,117650640.855553,117071255.367378,117377668.064785,117365421.485006,117486449.108887,117414873.25682,117404399.995382,117356812.750586,117369669.018222,117263814.402925,,
133,Philippines,3176321380.8516,3252298810.15096,3269069835.02214,3270854994.46942,3273311678.74498,3267840175.20399,3278582267.5426,3266297411.86141,3283440870.18937,3268130878.93424,3231239843.67068,3256338848.81404,3267143436.26471,3277784656.22206,3283443564.37574,3282103728.501,3252932744.37819,3274840328.63319,,
134,Indonesia,29009547174.1897,29630384702.1241,29683555660.2183,29658194547.4344,29482497146.0656,29458029794.6624,29388619360.1491,29239022990.3603,29329072010.6744,28462161950.0169,28361919298.4246,28364174393.6545,28376008000.9975,28445762186.1019,28406177161.6842,28259102574.0629,28139495756.9847,28189968150.9958,,
135,Singapore,1969796.89600781,1873295.58834631,1843955.17805405,1839539.75124291,1784561.9428239,1753892.18686214,1720231.54552491,1705608.89605259,1692220.37522514,1639569.7660034,1619819.86383504,1624994.02169014,1604721.65608162,1582170.18807008,1577090.30059483,1578941.68641905,1568876.76957597,1561280.57775145,,
136,Timor-Leste,109110852.464807,109017494.417411,109419580.516002,109385313.03895,109401632.066398,109182710.995912,109326924.722553,109334008.822706,109461451.711684,109209341.735518,109107671.587959,109061462.723687,109177363.696964,109094703.509787,109141560.765907,109204723.246415,109147089.183163,109559339.618439,,
137,Maldives,26427.1151500449,26427.1151500449,26427.1151500449,26427.1151500449,26427.1151500449,26427.1151500449,26427.1151500449,26427.1151500449,26427.1151500449,10901.8350602986,10759.3277871079,10901.7153351117,10949.2011881143,10996.6871789673,10996.6871789673,10949.2011881143,10949.2011881143,10901.715101016,,
138,Nepal,808040667.813058,812210723.60221,806314159.717178,805719021.001559,807451461.822231,810658125.503146,812226840.780973,809003521.737604,806161969.430894,803391960.421285,809135041.78535,805051584.590535,801011757.066636,801994124.628739,813036467.25306,790977645.544175,814013426.191452,813123722.780897,,
139,Pakistan,871894111.458732,871634521.557618,871948433.656669,874101335.771511,874527554.414631,875066624.977698,877465194.02281,878609993.373347,878424254.686407,877993889.323938,877517256.480019,876987742.563448,877317924.135119,876510114.703597,876680080.073282,876999582.962713,877610180.539088,877170560.727969,,
140,India,7745503360.16371,7747479521.81012,7727490451.88675,7716710669.72127,7739871627.29776,7741305254.1855,7721978440.66579,7732116019.62508,7673625223.90538,7667735131.61863,7686935331.70398,7642293837.70161,7679742880.85716,7677222135.95713,7688150894.78308,7704950332.18868,7705673201.71774,7708681605.71777,,
141,Islamic Republic of Iran,909626497.213237,909163818.827855,908980302.443316,910466396.929723,910360810.381794,909656543.216803,909772719.001388,910057130.95687,909876938.881819,907813611.47975,908810957.40047,909441747.098139,909656606.462953,910360159.156095,910344526.168564,911213303.237692,911102905.472397,911354899.975205,,
142,Sri Lanka,346026651.243403,344635820.659935,343932276.036323,343603520.38199,343539432.809781,343216140.917257,343950587.712244,343288081.325273,342605695.100653,341990924.378967,340739076.197414,341038375.111186,340833428.004647,341393415.496175,341262871.835726,343630167.014558,343684165.169157,342600169.318658,,
143,Bhutan,286750527.127961,287418029.717944,287972363.429352,288429985.351652,288664982.375764,288819033.932818,288359900.418281,289100900.489674,289036665.847095,288735772.746218,288985871.502869,288380684.837296,289161711.538128,288831731.266961,288820238.741681,289243189.623074,289382782.003731,289467027.863608,,
144,Bangladesh,282167925.665776,280906564.085865,283557053.135726,284261969.099755,282087931.931929,279965968.98464,281901635.439327,281055552.72999,280422724.236519,278383465.632885,277274060.800721,280301432.904327,279484485.872487,279347072.921016,280289552.355879,281349123.899577,281954953.411838,282671071.791449,,
145,Afghanistan,437706155.251124,436390960.446378,434348001.899068,434013286.701223,434039262.153849,433661295.112232,433878703.001216,434103197.816804,434601946.026067,434363494.995265,434526648.224942,434509684.235573,434464865.802298,434409435.196732,434373092.112969,434391063.192628,434254022.891428,434032394.000513,,
146,Oman,39361785.2367772,39355756.4245764,39349309.8298007,39362044.1979472,39351872.7864757,39344139.4182644,39354229.8281341,39348304.8013066,39337169.4952761,39223551.1653892,39233037.3863223,39225135.7692864,39203427.3028758,39199427.9570059,39158512.8380056,39162630.05564,39113612.8218044,39111527.1040518,,
147,Kuwait,2572000.95286493,2535042.7649682,2524897.40806406,2522153.58038652,2501769.50645321,2489391.19485161,2478654.55593306,2474533.41639638,2471151.46023794,2414732.92430818,2412380.86324166,2407770.44733032,2404951.28490267,2402716.3794316,2395425.85711127,2389061.35268049,2382128.63640052,2380765.12025787,,
148,West Bank and Gaza,6223128.0326914,6219885.76932572,6216171.11587532,6210327.56491452,6206209.68312484,6201235.25162733,6192449.54345798,6181291.08401598,6174338.49954262,6159653.591266,6152957.09411249,6146729.85589812,6129641.48149536,6092611.68947232,6079530.13807792,6081196.75164118,6064781.90988445,6043786.20568679,,
149,Lebanon,16853917.279842,16848584.9189721,16825104.3821099,16806522.8207646,16767063.3115307,16765015.5623975,16748749.0166408,16780608.7357974,16783941.8988479,5228410.64923979,5231133.59806819,5233962.98874564,5228329.57522664,5220754.00327343,5214960.60268456,5220467.19798414,5213764.53462501,5212292.80321124,,
150,Qatar,1407855.53773687,1412711.04463386,1412055.69463671,1408434.11030092,1408996.46815864,1407757.64306764,1405583.12667086,1404672.12202168,1403417.44259942,1383551.58690599,1382795.10614212,1381848.40205896,1380522.58713217,1378945.54429466,1378852.71604287,1377724.50535841,1377819.53184856,1377570.15911276,,
151,Saudi Arabia,236221069.297891,236010384.456896,235925373.249912,236232965.988195,235643863.341219,235277579.425469,235370662.456747,235218080.94333,235193394.534309,234979783.622718,234992774.793117,234959069.059505,235078379.101883,235251053.906525,235236321.808082,235430842.89026,235578005.527462,235769285.278357,,
152,Turkey,1774838549.28578,1773082596.61123,1772872126.2756,1772113176.87638,1771551169.76346,1771552777.83186,1771736199.25872,1772715760.37695,1773246778.25075,1771122530.40772,1770339356.94646,1769560122.55413,1768513506.85359,1766312937.20308,1765784500.19879,1771510465.55925,1772737951.59359,1774594039.45087,,
153,Republic of Yemen,161559075.606879,161463144.434059,161141226.538749,161135836.612985,160352131.649796,160292341.24511,160251539.148259,160155941.858996,160110526.979293,160052739.149639,160086578.552157,160061187.824609,160048388.190628,160055193.186394,160044338.074154,160216379.299783,160300686.133611,160502727.261371,,
154,Iraq,124031367.740778,124003508.505974,123988983.514881,124298246.047338,124232212.003857,124439319.705278,124541470.327139,124544297.148215,124628270.285104,124210609.489421,124263897.829681,124329802.976585,124263792.556123,124287654.048365,124204626.085391,124304994.243497,124286197.518566,124234478.711237,,
155,Jordan,13271820.3452556,13264556.1249892,13263093.7275915,13252823.3563274,13245391.6330788,13236100.7576102,13208567.2290883,13190634.2005212,13191578.3432236,13171936.4524781,13168654.2978468,13168940.1577114,13151174.7455656,13130719.8755751,13124167.8462989,13125186.9863398,13098801.6710493,13096729.0526111,,
156,Syrian Arab Republic,77220417.0068253,77190889.5108292,77150373.6224172,77007756.4850479,76950193.3420901,76935824.984379,76868014.0943934,76951876.5364758,77011554.0573191,71052132.5377323,71035032.4436359,70951770.8820812,70906831.1633456,70865807.3606929,70776541.2369134,70850412.3667169,70797905.0483914,70918660.4264572,,
157,Israel,14973763.2043976,14957981.9424042,14946380.8320677,14936934.13617,14925929.8800276,14923054.895123,14909766.8061791,14898879.8526516,14884959.2149169,13919179.1233906,13900667.3322159,13878879.3113634,13825964.3642625,13799113.3580326,13776425.8311477,13796333.2673627,13690912.2103787,13646137.8741291,,
158,Georgia,264692893.472978,264376925.714129,264296856.085927,263740005.095981,263364319.237736,263606517.291116,264254513.365866,264777991.782262,264733380.071076,263891462.274468,263598135.382617,263349050.859967,263353241.096897,262433736.801038,262377655.537347,262651969.618291,262698496.226341,262726371.961184,,
159,Cyprus,21297007.7502535,21295200.8883111,21280825.0821937,21266909.9245847,21261870.0466235,21225420.8345023,21149270.2719564,21176870.7141175,21130467.3637941,21039078.4540783,21057488.3671289,21039536.4150234,21025154.7441045,21013377.2502668,21005397.2567943,20969714.9954116,21006032.2679386,21010379.3364683,,
160,Bahrain,64179.8499423149,60955.1019083373,59553.0266040631,59339.2312216086,58911.8453753598,59469.2660218554,58621.0825507185,59195.6284320227,59144.3544528233,53882.679249452,53814.223534687,53265.2259458779,53873.9357906229,53805.4835088592,53625.7963223266,50984.497115203,49856.0763435506,48659.2282242824,,
161,Azerbaijan,95054748.2607993,94977699.5036143,95010836.0592947,94870249.2320039,94509711.488335,94436950.0424877,94407073.88302,94310931.3381137,94186288.144672,94040946.639873,94023299.2471955,93984738.3398677,93970701.7289426,93887337.0275014,93857119.0852749,95139312.1689274,95137822.1543732,95246650.3875195,,
162,Armenia,71868723.5326388,71720881.626763,71686112.0941546,71639411.4439292,71615772.6897546,71546839.8563191,71620334.3038153,71580738.1386107,71577875.6240739,71454608.267906,71513829.0284779,71462450.1102363,71461098.2085659,71373644.9098457,71334062.4393498,71821271.811185,71820239.6339549,71884073.5993729,,
163,United Arab Emirates,8543409.69786156,8555283.76273481,8554743.70631439,8566309.36296555,8559722.55013698,8557772.08916549,8559404.04823638,8559254.48713109,8563971.00538306,8495933.77424546,8491436.54904063,8495306.35888693,8497155.28589291,8500743.63334679,8493198.08415472,8493128.19274952,8471289.55439541,8466635.92926425,,
164,Moldova,18451719.7056464,18331586.3943611,18202690.385459,18067998.9016366,18065603.7909572,18060029.8784217,18058947.562703,18054535.4764775,18065185.007623,18061861.024124,18054953.1111264,18064454.334437,18059262.2475584,18035817.5777916,18069828.6714706,18081751.9835762,18091199.0545025,18090069.5474914,,
165,Hungary,59484441.1476036,59303472.5272562,59107529.708913,58889544.3823901,58888774.7660756,58886438.4994001,58883713.5030049,58958456.8248478,58985678.1959088,58961946.4186263,58967846.0127865,58944151.7498069,58957741.5923215,58980127.4861209,58986653.2717471,59083901.6197055,59066472.80922,59040659.8794132,,
166,Poland,369277712.696191,368590004.437489,367892640.77895,367104987.352609,366881005.511185,366790735.514982,366544046.11295,366338698.104614,366345964.872702,366001560.224635,365950730.520099,365859859.648294,366054422.188153,366466056.231888,366459726.520446,367651194.493486,367691007.864544,367082066.131222,,
167,Romania,316409139.870903,316236376.595743,316232690.662742,315778710.510769,315865952.931973,316096472.610427,316306743.684412,316586993.887051,316558208.949401,316152986.162629,316210444.734456,315998898.037189,314313927.652152,313971564.405139,313877359.714122,313808228.046935,313494776.187811,313122553.464287,,
168,Ukraine,421262384.39343,419931387.756577,418518190.229921,417183709.284721,416966001.384066,417603427.021515,418076998.775355,418600154.828715,418632013.611825,418439154.747162,418587222.080287,417965215.638228,418460599.834637,418186533.652191,418042430.191377,419108232.261997,419189366.546368,418853826.495353,,
169,Belarus,174743028.978847,174330450.878232,174571598.600497,174815583.510858,174715307.578935,174902672.489384,175153044.772701,175489712.733423,175615992.852361,175491519.363728,175390223.685046,175094531.797199,175308948.178645,175275650.910508,175260842.784057,176013281.50841,176225962.771433,176152254.720265,,
170,Czech Republic,121672031.660134,121444808.161843,121195978.933039,120785940.021876,120676512.789509,120723510.655544,120651897.243321,120424592.425,120379075.341094,120213884.224924,120128913.44116,120055471.839859,120061303.580446,119852602.028135,119867924.409248,119966229.212605,119750743.550655,119368248.450323,,
171,Russian Federation,29490698278.2738,29335283176.2948,29226653676.2496,29335676872.2403,29313870148.543,29493917361.413,29499540250.0784,29462151444.7147,29308675481.7559,29125901704.2248,28945569647.1263,29214492393.9584,29152567452.4355,29122553399.1442,29162696967.9786,29093842145.4387,29097695400.7553,28969953004.9165,,
172,Slovak Republic,98737849.659787,98576316.6486405,98530966.676018,98326054.5934952,98061447.1870241,98118680.4042917,98103776.6994433,98038657.525309,97912036.1453811,97869988.2659607,97709146.1481699,97677103.3924022,97560364.5491668,97262905.7544615,97267051.3105991,97269784.4550331,97184755.602098,96951486.8392141,,
173,Bulgaria,165797364.440634,166000572.53865,166839315.06573,167116309.863529,167175804.688718,167375411.590607,167603243.355056,167997313.373521,168224101.314377,168074325.178746,168243613.765359,168214613.072043,168209020.202699,168283395.02371,168258367.209046,168365723.673698,168453694.200466,168625634.824143,,
174,Isle of Man (U.K.),924760.076094479,930904.090588845,930454.711648143,937909.804872559,937876.274425075,937610.773122898,937582.836692434,936433.243775394,941676.197484522,937507.156970162,936471.392460264,935147.365637561,935274.498198552,935813.996038036,935813.996038036,935438.696428811,935438.696428811,939591.197504884,,
175,Norway,365377294.708462,360745212.272872,357553329.025566,357804139.995607,356755804.785394,363248279.839027,361460545.178983,363914750.022282,354264821.446702,354608677.626732,349008589.208304,356296837.202038,358707993.657041,357698347.17896,357624575.163351,357492388.644643,357329696.450218,356540097.383334,,
176,Guernsey (U.K.),112476.19366587,110115.578244304,106852.156780529,105320.196644499,105289.253954744,103422.487770272,103391.546830877,103391.546830877,102028.479910099,102117.560867037,101209.494442683,102086.464440886,102117.560867037,101694.388678963,101694.388678963,101694.388678963,101694.388678963,101694.388678963,,
177,Sweden,937354295.752341,929938379.015101,923142806.999478,923234212.321373,916796747.644065,928253589.964012,925485724.071659,930100949.061992,907374165.729216,906593122.865145,897237823.508372,914624050.895836,922473516.476002,920703791.949488,920602347.006209,919494285.648082,917726317.317559,910532123.396338,,
178,Faroe Islands (Den.),582742.963130482,598493.866384561,595534.752517582,597443.878688667,599383.495315463,601008.358171571,599083.617775855,599526.704756981,596171.848961598,585335.719955662,585305.72156811,589979.661372578,596283.135728785,596356.999596787,596356.999596787,596880.486733845,596880.486733845,596880.486733845,,
179,Lithuania,50114465.9569722,50108350.5417678,50098803.7022572,50146996.644759,50057136.6975133,50047365.2089429,50065152.2300295,50070838.6966922,50086063.6936215,50047602.2492949,50064276.7561627,50007443.3900175,50104811.6213218,50297514.5798554,50295355.8290286,50449780.4443436,50460274.7544565,50446351.6795991,,
180,Latvia,63488546.7630345,63399656.5015112,63242428.5958294,62975989.9597199,62833998.8574969,62732798.3758571,62586689.4567961,62359889.4921553,62233626.3048443,61814363.3289239,61842505.267266,61794805.7816573,61833074.1874615,62001964.1861692,61997540.7121702,62212808.0995431,62214592.5210692,62154213.9193575,,
181,Svalbard and Jan Mayen (Nor.),6286701.86456821,6286701.86456821,6286701.86456821,6286701.86456821,6286701.86456821,6286701.86456821,6286701.86456821,6286701.86456821,6286701.86456821,6214590.10507573,6214590.10507573,6214590.10507573,6214590.10507573,6214590.10507573,6214590.10507573,6214596.40406052,6286241.90268948,6214596.40406052,,
182,Ireland,132536102.988638,132602505.443803,132642112.256056,132785734.999993,132841003.992565,132878335.456017,132954488.497039,133062451.49441,133325570.007156,133353983.083299,133380771.551689,133419957.386938,133434194.681048,133556233.878142,133556827.818872,133718508.981579,133734499.813074,133801093.751044,,
183,Iceland,44290459.8905457,44290459.8905457,44290326.7181321,44290459.8905457,44290193.5595942,44290326.7320078,44290326.7320078,44290326.7320078,44290459.8905457,44026760.0009069,43999084.6559692,43893588.3188359,43746481.2075258,43746481.2075258,43746481.2075258,43746481.2075258,43746481.2075258,43757666.1882232,,
184,Jersey (U.K.),237633.104319829,236910.644557426,235431.450853451,234170.443908707,233258.260633108,234164.870828478,234164.870828478,233676.8485833,233220.782312487,231991.78030681,231504.440148583,231535.714035997,231535.029561719,231535.029561719,231535.029561719,231535.029561719,231503.762618694,231503.762618694,,
185,United Kingdom,367682267.283396,367337297.256025,367135048.999913,366762924.512835,366632969.449879,366585253.04018,366320528.182298,365989123.083067,365979519.158063,365562862.231581,365473394.681307,365336888.36254,365205487.088687,365468280.453882,365450124.886285,365230006.462221,365180433.269504,365381068.529123,,
186,Finland,834944689.569221,828159023.40129,823907062.570828,824294492.461206,822989440.189134,829477130.276001,828696190.180174,830214843.464115,819030859.602801,812005466.713354,808963254.560766,818732593.885645,824103280.8281,823316590.137857,823302992.007714,822272266.333631,821279427.000234,816806034.211259,,
187,Estonia,45111097.8891368,44996047.4806856,44968504.1842148,44709912.2385746,44614385.7597063,44572165.6215035,44498944.4014349,44385367.5643625,44260838.0173158,43818756.0851057,43848301.982197,43747270.4015975,43790800.6930635,43796018.0530484,43794248.7603461,43916604.9596118,43907226.7736625,43814152.0959663,,
188,Denmark,67418300.5741209,67276311.2690225,67195379.8642349,67151766.9014847,66859784.4377521,66775892.8052732,66581145.0636174,66554481.8277615,66505778.2550212,65795583.9093104,65766902.2783943,65755663.303043,65818615.1819933,65752852.7187016,65749718.9036623,66020939.9702918,66012625.0230611,65928481.4560433,,
189,Madeira Islands (Por.),27566.2111143706,27734.4715525609,27734.518109568,28759.4418572989,28414.3430277756,28334.1605020938,28157.6869700408,28197.7525061165,27435.805911145,5716.02335155969,5716.02335155969,5716.02335155969,5674.81756609159,5707.78214899301,5707.78214899301,5716.02335155969,5716.02335155969,5716.02335155969,,
190,FYR of Macedonia,65925399.8519519,65862211.0925307,66427543.5277568,66720442.5945541,66846595.7579532,67059686.6882991,66953308.3040133,67326580.7587789,67579532.1123041,67562692.1242612,67560494.6058273,67443204.4120945,67581069.9778219,67625473.3200255,67588364.9494364,68041486.8963847,68053966.3173799,68242421.1272341,,
191,Montenegro,55755998.1641718,55739829.8933339,55752415.2168446,55562860.0943673,55450176.1930763,55531480.5091875,55328900.9231436,55583755.6504624,55663628.8509025,55380331.3501927,55237204.6770561,54922665.679185,55050228.1142301,55178458.7289268,55059056.1135591,54995415.2757274,54441707.1835159,54514970.5413231,,
192,Vatican City,0,0,0,0,0,0,0,0,0,0,0,0,0,0,0,0,0,0,,
193,Croatia,116633895.034297,116656743.481023,116631536.348906,116791207.944981,116812501.539535,116860590.912487,116806704.127768,117051662.140455,117388696.29406,117314663.304688,117137931.565287,117082864.967061,117279200.335872,117345800.795671,117256505.226232,117146863.158665,116897661.952948,116935613.484879,,
194,Malta,219945.972888555,218400.510230591,217418.769182884,216823.692578299,215547.999262106,214783.118529318,214705.881452745,214558.999076965,214497.257022651,208414.906134031,208283.531350983,209974.472982215,209858.60596202,209943.850647823,209889.746843451,209889.746843451,207400.249134162,207346.129283884,,
195,San Marino,71040.5280175533,71019.8886452458,71006.1233538066,70992.3653589364,70971.724400839,70964.8417551114,70944.2039693559,70902.9065104753,70861.6226899802,70854.7394099995,70813.4543207833,70503.7298723444,70200.9093216229,69884.2613196668,69884.2613196668,69884.2613196668,69884.2613196668,69884.2613196668,,
196,Slovenia,57998503.9345688,57841279.8767253,57731480.1143388,57629460.4552456,57573905.6935004,57577423.705567,57565127.9226094,57579280.3644686,57478230.8823661,57212567.3332513,57167824.7141761,56978909.3081295,56927427.4398274,56466514.0594446,56469435.6871669,56370949.2064955,56336055.3709928,56292885.5171248,,
197,Greece,372776083.236427,372601637.303638,373321100.105793,373167882.431434,372893871.46103,373219348.737356,371802996.985618,372869982.986091,372950844.724744,372128736.787905,371868772.193877,371687695.082633,371729475.725755,371254097.408977,371197138.104487,372832502.16313,373469578.247082,373797378.02884,,
198,Italy,791361919.011441,789032291.146195,788234153.984554,787713024.018976,786247898.918065,787659949.946467,786137741.378669,788581812.17155,787507302.520712,786281224.535042,784837570.257891,785246508.813236,785159054.223392,783864609.268282,783679513.254955,784943576.697088,784169097.322913,786053588.219021,,
199,Portugal,317547867.598768,315199778.624525,308820142.045298,308347752.986552,303412142.715054,307145052.007238,307328137.711266,307197462.652092,306624670.804539,304480312.777746,304821194.442051,303801700.959942,303357603.971283,302438436.988888,301854931.977273,301831825.599726,295781678.300507,304223026.445506,,
200,Serbia,77109780.2219868,77186610.8770589,77364712.8823689,77435516.9735708,77445461.0613085,77542196.1347464,77576816.8074471,77827850.6759138,77904755.0715335,77846206.4569548,77877680.0996744,77778658.7713964,77821488.3314766,77802659.8353937,77772701.2447608,77731103.1572102,77612245.3775097,77422955.8176448,,
201,Gibraltar (U.K.),269.751084474705,269.751084474705,269.751084474705,269.751084474705,269.751084474705,269.751084474705,231.211769952377,231.211769952377,231.211769952377,231.211769952377,231.211769952377,231.211769952377,231.211769952377,231.211769952377,231.211769952377,231.211769952377,231.211769952377,231.211769952377,,
202,Spain,1357107199.98007,1354044191.06295,1351237918.50982,1346425993.11486,1344934628.74234,1345149869.38376,1347246184.45192,1348001212.97041,1347774185.01715,1347021605.4319,1345433351.79884,1343224867.9228,1343419271.13125,1341687978.36054,1340537166.24887,1344021407.77995,1343684964.37258,1347474938.83749,,
203,Bosnia and Herzegovina,147469497.049691,147465447.345421,147109641.845161,147127389.973207,147143164.228929,147389960.944197,147401705.930498,147711661.878098,147983272.874711,147959437.20828,147847846.598333,147602841.215697,147918271.489254,148205291.35957,148177940.234726,147995541.242444,147519096.249214,147548775.024754,,
204,Azores Islands (Por.),581170.915796521,582732.047230475,583717.566025286,583725.02711123,583725.02711123,583611.832026207,583604.376340769,583604.769665783,583219.841611708,584239.123165091,584382.831384389,584770.686037635,584378.100988808,583893.669688437,583377.788081986,582772.474886709,582290.686067882,582102.04148314,,
205,Andorra,1702330.94622748,1704048.17316334,1704026.98724512,1708320.64798162,1702303.90263189,1708320.96778072,1706482.74864773,1710744.94885386,1709104.10541774,1709974.12839591,1702023.83178575,1699874.09226654,1694718.1163428,1693842.73822476,1691913.90794587,1686093.34339429,1681046.56248677,1679188.74054327,,
206,Albania,74487389.4872126,74474731.9488941,74639523.2279166,74956255.6127509,74947104.0142931,75140059.5058963,74508424.0746877,75358310.0570056,75438412.0185865,75174204.9899632,75015787.8052299,74805470.508792,75060778.4257937,74983817.9151979,74936885.8419192,75602646.9137734,75598157.4697816,76591868.044358,,
207,Monaco,8305.98747105577,7857.15934381534,7152.78549883046,7118.26621345852,7118.26621345852,7118.26621345852,7118.26621345852,7118.26621345852,7118.26621345852,7083.74376794311,7083.74376794311,7083.74376794311,7083.74376794311,7083.74376794311,7083.74376794311,7083.74376794311,7083.74376794311,7083.74376794311,,
208,Netherlands,50353737.1253936,49819270.8150771,49519573.4391322,49268939.0680132,49189651.1256377,49154888.8284302,49079484.9497152,49049039.978094,49004102.2509823,48842367.9328798,48821545.1701097,48765022.7581386,48811413.0942877,48747578.1539725,48746443.3344523,48749397.0456206,48728863.7741889,48716936.8568476,,
209,Luxembourg,7544524.43415592,7505218.48661066,7485565.27271861,7447125.95402902,7429578.17025105,7419701.14677982,7336452.97809928,7303008.12004409,7290621.6772788,7257450.03794307,7232302.59563356,7217465.82339661,7220329.14457234,7217827.88089295,7217827.88089295,7282768.63086744,7281556.36215659,7279424.12142998,,
210,Liechtenstein,583186.047513919,578876.659113247,575459.312201598,557207.043642306,547653.404571749,553604.370583012,548457.194586726,554796.120680237,547654.551930397,549287.160903497,543960.208930073,551101.777679913,548826.85824273,531038.505331306,531038.505331306,529163.454909126,529922.208257077,528663.558363466,,
211,France,2919254560.10116,2919131255.34614,2915646243.90999,2909673790.35894,2907883003.6533,2907779456.7565,2908127333.06185,2911414550.70764,2909795984.58487,2902031076.51156,2898926040.92919,2899124413.43514,2900039697.24641,2897111516.90915,2897043474.2666,2898099745.41236,2898861929.05487,2899639331.55542,,
212,Germany,848769439.056016,846121373.948521,844118802.713085,841864413.630207,840568007.539998,839821885.858529,837316065.581827,835695417.975609,834666519.041061,833420808.609654,832738792.359521,832290492.28021,832718370.338076,834098135.158699,834096960.98233,836058362.261312,835944893.798585,834935979.466719,,
213,Switzerland,103261634.881021,102465662.001102,101954300.169829,100939173.97735,100366053.188321,100828251.593076,100385437.346442,100947308.944378,100064581.52217,99896268.6994093,99069889.1861013,99717178.188,99614227.4983848,98432827.6086324,98459015.2101055,98421861.8741875,98402910.5786156,98212483.0672431,,
214,Belgium,64872351.7912863,64249826.1120068,63724895.9737913,63321027.9186499,63273607.383096,63112220.9317096,62875343.6847065,62824694.2957461,62794568.3943027,62660147.6572279,62553496.8548295,62463874.78837,62464540.4618732,62581796.1833293,62584651.6493965,62798980.5402675,62765888.8862693,62764493.8875962,,
215,Austria,263998688.530481,261838213.169067,260988721.938089,258876700.429527,256418648.011878,258604100.258855,256742462.976994,259094898.604386,256526906.948957,256608466.907818,254149819.500835,256022929.259253,255727248.998929,254420238.470309,254384147.408584,254067965.875178,253857907.07159,253259175.561699,,
216,Norfolk Island (Aus.),11778.9168550676,11778.9168550676,12153.7835386408,12153.7835386408,12153.7835386408,12153.7835386408,12153.7835386408,12153.7835386408,12153.7835386408,12153.7835386408,12153.7835386408,12153.7835386408,12153.7835386408,12153.7835386408,12153.7835386408,12153.7835386408,12153.7835386408,12153.7835386408,,
217,New Zealand,1337855970.2659,1339028887.58992,1340926938.31679,1343709824.66553,1345891644.20515,1346735574.19722,1347980045.95593,1348419323.51906,1344704458.84043,1338776239.77519,1335365362.51245,1333420703.30998,1329402098.93382,1328452815.85981,1328434931.24216,1325611431.25613,1324972582.49638,1325716968.44345,,
218,Cocos (Keeling) Islands (Aus.),1950.85702494173,1950.85702494173,1950.85702494173,1950.85702494173,1950.85702494173,1950.85702494173,1950.85702494173,1950.85702494173,1950.85702494173,1950.85702494173,1950.85702494173,1950.85702494173,1950.85702494173,1950.85702494173,1950.85702494173,1950.85702494173,1950.85702494173,1950.85702494173,,
219,Christmas Island (Aus.),3363.56652665331,3363.56652665331,3363.56652665331,3363.56652665331,3363.56652665331,3363.56652665331,3363.56652665331,3363.56652665331,3363.56652665331,3363.56652665331,3363.56652665331,3363.56652665331,3363.56652665331,3363.56652665331,3363.56652665331,3363.56652665331,3363.56652665331,3363.56652665331,,
220,Australia,19058257262.3975,18970747398.556,18985025708.1972,19036642745.051,19071086842.0076,19007866684.397,19087569909.5592,19092228084.4591,19003842830.1172,19088415391.8872,18977763885.7456,18926641387.6772,19006733672.8605,18975627232.6966,19004674169.3663,19016004464.7068,19044021564.5233,19024779079.9814,,
221,Ashmore and Cartier Islands (Aus.),0,0,0,0,0,0,0,0,0,0,0,0,0,0,0,0,0,0,,
222,Papua New Guinea,7765795922.9417,8201538870.07219,8266299282.3478,8207401288.2818,8108344863.50799,8166052554.38735,8228980502.32965,8225441647.49414,8179098080.0786,8266374153.40562,8159743742.10101,8152941464.95092,8132418342.84612,8213552118.60004,8235378182.79626,8184270827.60933,8150174393.03996,8225767131.11915,,
223,Vanuatu,202456741.166608,208620226.131068,211869989.0644,230314255.457375,231426554.199275,231164157.855482,232415671.976854,232406497.706317,233480000.798704,233001762.913209,233775394.993844,232952879.00265,233992839.215285,234337106.611361,234206940.7869,234488088.280029,234109477.017316,234011815.247965,,
224,Solomon Islands,528796257.463958,542660238.601934,553626731.556604,547827895.938853,552131493.222153,552016586.295129,551968550.113616,553706101.792919,552654275.720217,550896468.711541,552292363.723337,551028104.469559,551776699.700099,550077044.566933,549767196.243735,550390748.429895,548366059.737755,547182954.075579,,
225,New Caledonia (Fr.),302701337.921653,302606819.708708,303761149.213141,304241114.602595,305337166.130391,306462494.116177,307129054.497473,308555172.265792,310713355.201206,309040743.943998,308508223.495273,308635019.287292,308678541.662047,307499328.543197,307502687.680088,307225029.686031,306874542.417868,306733526.584178,,
226,Fiji,316654554.504294,317483729.850923,318660287.750362,318711575.864683,318605441.13748,319240171.233176,318621208.444881,319551597.903191,318994836.949961,317197330.745608,318041859.947467,317139144.716145,318178097.11627,314934774.40202,314618488.657942,313407306.017511,312729822.855765,312710620.953669,,
227,Guam (U.S.),374217.912367327,374217.912367327,374217.912367327,374217.912367327,374217.912367327,374217.912367327,374217.912367327,374217.912367327,374217.912367327,364445.680444997,363271.438425498,362550.424938834,363863.64360735,363447.690109276,363669.608679592,363817.369483402,363373.756778188,363577.206920682,,
228,Northern Mariana Islands (U.S.),179870.400154756,179870.400154756,179870.400154756,179870.400154756,179870.400154756,179870.400154756,179870.400154756,179870.400154756,179870.400154756,154237.950412781,151078.044044622,153781.497084768,154247.265840899,154125.162434119,153786.666236457,154052.064595733,153794.799389467,153951.893235132,,
229,Marshall Islands,10038.9903047396,10038.9903047396,10038.9903047396,10038.9903047396,10038.9903047396,10038.9903047396,10038.9903047396,10038.9903047396,10038.9903047396,2804.24103592239,3563.97779229727,2973.85766482322,2916.91993488322,3001.8541192492,3001.8541192492,2869.69333090273,3001.8541192492,3001.8541192492,,
230,Nauru,8405.15216523657,8405.15216523657,8405.15216523657,8405.15216523657,8405.15216523657,8405.15216523657,8405.15216523657,8405.15216523657,8405.15216523657,6933.06547282033,6885.5785977247,6648.14529713693,6838.09230205877,6838.09230205877,6743.11906720692,6933.06547282033,6838.09230205877,6838.09230205877,,
231,Palau,4569.01145101157,4569.01145101157,4569.01145101157,4569.01145101157,4569.01145101157,4569.01145101157,4569.01145101157,4569.01145101157,4569.01145101157,3626.85280922726,3815.26754997762,3815.28434634391,3768.15944697874,4380.37180060947,4380.37180060947,4380.37180060947,4380.37180060947,4380.37180060947,,
232,Federated States of Micronesia,1490.60208459418,1490.60208459418,1490.60208459418,1490.60208459418,1490.60208459418,1490.60208459418,1490.60208459418,1490.60208459418,1490.60208459418,1208.2916746714,1255.57869444503,1255.57869444503,1255.57869444503,1255.57869444503,1255.57869444503,1255.57869444503,1255.57869444503,1255.57869444503,,
233,Kiribati,244730.190685595,244730.190685595,244730.190685595,244730.190685595,244730.190685595,244730.190685595,244730.190685595,244730.190685595,244730.190685595,34614.5197406868,34891.6569095932,39329.4535331486,42292.3084890978,39290.3018567954,40953.6121064412,42227.4187518336,42946.4558992955,42709.3658570195,,
234,Samoa,35356108.3610341,35781834.4050448,35844125.9764554,35860738.7587545,35831674.1411846,35871125.0976541,35862818.5131427,35871113.8025843,35866968.2376967,35698654.3621267,35747988.5680037,35699912.21688,35681294.6699552,35697903.0647855,35631212.4030577,35704747.1510504,35699879.5893851,35733289.6540414,,
235,Tonga,6966504.32925628,7097488.55374427,7125778.98862411,7172796.33042423,7113850.48607168,7164577.23966839,7142028.05814712,7190616.71158255,7192861.76369452,7156171.86273307,7165630.29787072,7175408.88405035,7190718.17383013,7194727.08469103,7200752.34606103,7196697.40542035,7196742.18334638,7194709.30814283,,
236,Cook Islands (N.Z.),3172.55106519568,3172.55106519568,3172.55106519568,3172.55106519568,3172.55106519568,3172.55106519568,3172.55106519568,3172.55106519568,3172.55106519568,1563.87412900988,1608.86822820597,1475.17000190738,1519.82179199159,1474.82769279551,1519.82179199159,1519.82179199159,1519.82179199159,1519.82179199159,,
237,Pitcairn Islands (U.K.),21200.1118657681,21200.1118657681,21200.1118657681,21200.1118657681,21200.1118657681,21200.1118657681,21200.1118657681,21200.1118657681,21200.1118657681,21200.1118657681,21200.1118657681,21200.1118657681,21200.1118657681,21200.1118657681,21200.1118657681,21200.1118657681,21200.1118657681,21200.1118657681,,
238,Wallis and Futuna (Fr.),757091.107161246,790258.725291925,827564.696056933,815120.437877168,823419.003503907,825483.104508293,821346.921684532,815122.21033694,817203.728707867,821346.724865666,827563.25042345,813056.115402097,829637.179603139,815131.370000661,825492.287425582,825491.387163634,821348.220599872,829637.204579536,,
239,Tuvalu,2451.69819381567,2451.69819381567,2451.69819381567,2451.69819381567,2451.69819381567,2451.69819381567,2451.69819381567,2451.69819381567,2451.69819381567,2451.69819381567,2451.69819381567,2026.34281637291,2026.34281637291,2026.34281637291,2026.34281637291,2026.34281637291,2026.34281637291,2026.34281637291,,
240,Wake Island (U.S.),0,0,0,0,0,0,0,0,0,0,0,0,0,0,0,0,0,0,,
241,American Samoa (U.S.),1439330.10523632,1522245.47292839,1565776.73816552,1598945.96267873,1547120.22550118,1582361.01185432,1567852.48895109,1584432.48158298,1561632.61631318,1519332.15895976,1566958.47755345,1524467.74059155,1533749.92923201,1535868.1799773,1487156.03853852,1538838.05609608,1521356.63493861,1537939.46475241,,
242,Niue (N.Z.),4092605.58455134,4191704.87224663,4205860.57366413,4199793.98537644,4197770.69786677,4203838.70912875,4191706.06332877,4191703.31403116,4199793.98537644,4189548.47910445,4179431.24217481,4201681.39095901,4199659.06220395,4197636.60098317,4201681.4572012,4199658.99598042,4199659.06220395,4203703.78595626,,
243,French Polynesia (Fr.),210019.899953452,210019.899953452,210019.899953452,210019.899953452,210019.899953452,210019.899953452,210019.899953452,210019.899953452,210019.899953452,151542.175546088,135629.866293182,155282.28026202,150497.904016857,150588.033537599,150769.229973383,148731.167467707,150633.895200556,150769.251769724,,
244,Tokelau (N.Z.),0,0,0,0,0,0,0,0,0,0,0,0,0,0,0,0,0,0,,
245,Canada,16597841926.9196,16400234726.7368,16306620279.5981,16391636218.4368,16317131280.0909,16590531629.0022,16532675874.1467,16574390914.8739,16200515493.3684,16215642295.5322,16047246726.1524,16371241599.4772,16382940291.0963,16373204949.5456,16363157402.5955,16353490961.6234,16328709331.9971,16304233545.2004,,
246,Saint Vincent and the Grenadines,4161884.9915468,4585677.70643299,4975152.58581585,5020971.87367205,5016226.73366343,5002030.36715268,4950862.31402749,5028599.41502056,4979813.21190022,4960544.54424409,4936676.97704838,4987016.93592237,4830289.7583977,4732506.70869472,4811494.55433794,4761638.68359225,4785987.6451085,4840935.87691499,,
247,CuraÃ§ao (Neth.),2599955.00278116,2685061.59617323,2681067.00261284,2679599.0462767,2685457.44982698,2683171.47096078,2674010.08112325,2664069.11075495,2658715.93161171,2632789.09086674,2622625.82344682,2599477.22617886,2595981.96692329,2584637.1959514,2581803.35370433,2581581.29664528,2568378.30154799,2526100.69272802,,
248,Bonaire (Neth.),1571470.92008029,1582002.19513398,1582002.19513398,1582002.19513398,1582002.19513398,1587268.16113831,1588438.92464471,1588438.92464471,1587268.16113831,1576229.60441695,1576211.05080845,1573415.05251497,1571956.94395758,1570061.79666399,1570006.05893488,1567628.32151009,1566160.49529828,1568519.65688784,,
249,Sint Eustatius (Neth.),159190.697458028,171961.671176848,171961.671176848,169639.609926909,169639.609926909,167318.586957879,170800.848156033,171961.671176848,170800.917443258,168478.475612542,168405.915520887,168405.915520887,166083.992587883,167099.867385557,164777.806135618,168260.932573659,167099.867385557,165938.87132372,,
250,Saba (Neth.),18.125777882065,18.125777882065,18.125777882065,18.125777882065,18.125777882065,18.125777882065,18.125777882065,18.125777882065,18.125777882065,18.125777882065,18.125777882065,18.125777882065,18.125777882065,18.125777882065,18.125777882065,18.125777882065,18.125777882065,18.125777882065,,
251,Sint Maarten (Neth.),244511.583660027,244511.583660027,246717.732527726,247820.823432501,247820.823432501,246681.547487971,246111.88317375,242124.101355163,239845.321234891,236381.958260337,236381.958260337,231218.712109254,220204.82598109,211017.775421942,209878.376585121,207138.597637195,207138.597637195,207138.597637195,,
252,Saint-BarthÃ©lemy (Fr.),176082.425007994,177240.779770309,177240.779770309,177240.779770309,177240.779770309,176082.566647379,177240.779770309,177240.779770309,177240.779770309,176064.488807392,173748.0979955,163323.568906637,171431.459242368,162744.320711152,162165.152177773,162165.152177773,162165.152177773,158183.563258241,,
253,Saint-Martin (Fr.),270610.386007327,279578.801208216,279578.801208216,279578.801208216,279578.801208216,279578.801208216,277300.477784767,276161.289699477,275022.136776309,274985.972633275,272671.766658661,254339.09713265,264553.077726681,258713.060981571,258676.897396708,258676.897396708,258676.897396708,258676.897396708,,
254,Kosovo,13699958.7234975,13688692.0475925,13722826.9581549,13755231.6622019,13751318.4515844,13775966.3226796,13735218.6055585,13832672.9222,13857236.1447911,13836406.5291954,13814428.8737974,13775581.7988081,13828159.6744023,13828788.1566762,13817799.1058981,13890935.3057417,13891465.7413536,13932006.6439392,,
255,Sovereign Base Areas of Akrotiri and Dhekelia (U.K.),283179.910104193,283109.307035685,282411.374792531,282327.236245539,282061.367073868,281253.123441017,281245.278999951,280915.515504524,280585.708839356,276339.667579342,275398.891688618,275203.234553136,274637.962650004,274230.210543471,273469.505019347,273469.505019347,273320.566702937,273344.134335032,,
256,Western Sahara,26906672.701181,26906612.8884812,26906561.0653901,26906518.2003375,26906414.5733239,26906371.7110624,26906328.8538524,26906302.7074188,26906164.2224088,26879551.3658141,26879030.2350842,26878768.210167,26878286.1796767,26878150.1124454,26878484.472539,26877907.3013169,26878047.3393674,26878319.5665237,,
257,Abyei,49024587.395161,48955907.3946585,48629725.929242,49032185.3572012,48510947.8607416,48919805.2949691,48921821.7802014,48889366.0310813,49017762.0326897,49198367.4451208,48764813.1707008,48846674.3361804,49135234.7405297,49163434.5109484,48867415.8519509,49172354.8593134,48750818.08796,49215177.8541026,,
258,Falkland Islands/Islas Malvinas,11849874.0689085,11871916.1800982,11890522.1787609,11947402.8676166,11943163.7198826,11912330.5366102,11940424.493808,11936369.8294803,11950941.4684083,11923843.3175049,11919789.0160244,11926297.1754951,11932274.703576,11936147.833001,11936147.833001,11946231.3177005,11956397.7101299,11953176.7438104,,
259,Disputed Area,2291391.12679685,2288422.16304619,2283955.36565506,2284809.58216896,2284809.58216896,2285081.88811229,2285098.96652497,2284841.86378559,2284817.88292167,2284080.99937899,2284521.00328182,2284496.76223746,2283436.35617645,2284190.79904415,2284166.28080047,2284367.51832772,2284759.14295989,2283876.24065825,,
260,Disputed Area,8745392.20911365,8747605.66200346,8747376.33814635,8751544.2957353,8753428.21179702,8755541.22737813,8750181.16258525,8758648.12539338,8758864.89987968,8730126.72258457,8732920.88474788,8741499.16969648,8749850.82893722,8750507.72174304,8751699.73606991,8704958.14117108,8688471.79791457,8578710.77391417,,
261,Disputed Area,567200145.197367,569053374.750813,568352165.048206,570055164.768823,571110397.135836,571786855.588267,570018440.686319,572635119.128342,568979841.187158,568961862.784327,568511512.775365,568342975.464085,570228274.08171,567766624.231549,568547893.164339,571575860.412301,570510679.047378,568091642.265935,,
262,No Man's Land Area,168988.683619732,168915.736191344,168915.736191344,168907.634872475,168842.838902312,168834.746435657,168745.690779005,168729.487185759,168680.935500932,168680.935500932,168040.773326882,167400.56585494,167254.823914809,167214.324489058,167165.756996028,167165.756996028,165496.325454678,165480.141000591,,
263,UN Buffer Zone in Cyprus,410169.917359803,410052.912271723,409677.854672626,409123.454099322,408959.496832124,408764.332083009,397116.216516722,398193.262877925,398130.875772724,397420.625448223,397381.599370257,397381.599370257,397538.084005075,397109.114224342,397109.114224342,397374.544880356,397670.912874151,397670.912874151,,
264,Kuril islands,14603709.8733479,14527654.0716214,14516385.1949676,14482405.8447547,14157394.2260572,14062312.0647404,14150917.0352412,14292984.3519376,14254399.6946301,14166376.9711472,14160135.1798428,14230662.6702254,14154734.2075776,14157746.3011669,14157432.1055284,12962201.2287185,12933184.6006224,12860822.493207,,
